Date,Price,Open,High,Low,Vol.,Change %
9/4/23,33.795,36.25,37,33.025,1.95K,-5.12%
9/1/23,35.617,35.75,37.155,34.315,3.05K,1.68%
8/31/23,35.03,39,39,34.82,2.85K,-2.67%
8/30/23,35.992,34.425,36.1,34.425,3.14K,2.26%
8/29/23,35.195,36.885,36.885,34.805,1.95K,-8.38%
8/28/23,38.415,35.495,38.48,35.495,0.11K,10.47%
8/25/23,34.775,34.3,35.7,33.56,0.45K,8.88%
8/24/23,31.94,33.165,33.48,31.725,0.50K,-13.17%
8/23/23,36.785,41.65,42.495,36.475,0.72K,-14.27%
8/22/23,42.91,39.355,44.7,39.355,5.92K,5.22%
8/21/23,40.78,38.575,40.87,38.48,0.43K,12.00%
8/18/23,36.41,36.265,37.75,35.685,0.55K,-1.13%
8/17/23,36.825,37.15,39.325,36.325,0.59K,-2.54%
8/16/23,37.785,41.83,41.83,37.16,1.42K,-2.65%
8/15/23,38.815,36.835,40.5,36.2,1.70K,12.72%
8/14/23,34.435,36.65,36.655,33.725,0.46K,-2.45%
8/11/23,35.3,37,37.025,35.18,0.67K,-4.74%
8/10/23,37.055,37.095,39.465,36.59,1.30K,-6.96%
8/9/23,39.825,33.15,43.245,33.15,0.67K,28.20%
8/8/23,31.065,29.81,31.695,29.785,0.82K,1.90%
8/7/23,30.485,29.8,31.07,29.55,1.38K,5.66%
8/4/23,28.853,29.5,29.785,28.645,1.45K,-5.32%
8/3/23,30.475,29.875,31.35,29.68,2.08K,6.04%
8/2/23,28.74,27.3,29.155,27.3,2.30K,5.95%
8/1/23,27.125,29.115,29.115,26.98,2.04K,-4.37%
7/31/23,28.365,27.805,28.925,27.17,0.62K,9.77%
7/28/23,25.841,27.275,27.275,26.05,1.29K,-9.12%
7/27/23,28.435,29.25,29.45,28.105,0.45K,-2.87%
7/26/23,29.275,32.78,32.78,29.065,0.64K,-10.34%
7/25/23,32.65,30.22,32.87,30.22,0.28K,6.86%
7/24/23,30.555,28.15,30.425,28.15,0.28K,8.49%
7/21/23,28.164,30,30.53,28.615,0.22K,0.51%
7/20/23,28.02,25.54,27.915,25.54,0.48K,3.91%
7/19/23,26.965,27.155,28.13,25.59,0.88K,-0.39%
7/18/23,27.07,26,27.495,25.265,1.76K,7.85%
7/17/23,25.1,24.465,25.785,24.465,3.05K,-3.30%
7/14/23,25.957,27.57,28.7,25.11,1.82K,-2.44%
7/13/23,26.605,26.885,27.545,26.23,0.37K,-0.13%
7/12/23,26.64,28.455,28.58,26.32,1.54K,-8.33%
7/11/23,29.06,29.93,29.93,28.91,0.54K,-3.85%
7/10/23,30.225,32.83,32.83,29.555,0.77K,-9.72%
7/7/23,33.478,33.3,33.585,32.705,0.26K,3.49%
7/6/23,32.35,33.24,33.24,32.3,1.41K,-5.89%
7/5/23,34.375,33.825,36.11,33.805,0.30K,1.31%
7/3/23,33.93,37.82,37.82,33.995,0.40K,-8.55%
6/30/23,37.103,35.195,37.65,35.195,0.13K,5.47%
6/29/23,35.18,32.3,33.05,32.3,0.04K,3.09%
6/28/23,34.125,33.8,34.4,33.8,0.03K,-1.10%
6/27/23,34.505,32.905,32.905,32.35,0.06K,7.91%
6/26/23,31.975,34.305,34.305,34.155,0.08K,-1.64%
6/23/23,32.507,32.64,33,32.385,0.27K,-4.66%
6/22/23,34.095,36.9,36.935,34.055,0.53K,-7.21%
6/21/23,36.745,36.8,38.96,36.77,2.09K,-5.08%
6/20/23,38.71,32.65,39.35,31.88,0.31K,10.57%
6/16/23,35.01,34.55,37.05,32.4,0.10K,-14.91%
6/15/23,41.145,37.35,43.53,37.35,0.18K,7.40%
6/14/23,38.31,34.125,40.055,34.125,0.19K,6.27%
6/13/23,36.05,33.65,35.15,33.65,0.04K,16.16%
6/12/23,31.035,31.605,32.045,29.4,0.20K,-3.17%
6/9/23,32.05,27.15,33.015,27.15,0.28K,18.95%
6/8/23,26.945,26.55,28.5,26.05,0.42K,2.34%
6/7/23,26.33,25.35,26.99,25.2,0.74K,5.91%
6/6/23,24.86,28.3,28.3,24.775,0.33K,-12.71%
6/5/23,28.48,24.25,28.695,24.25,0.08K,20.22%
6/2/23,23.69,23.75,23.845,23.125,0.30K,2.53%
6/1/23,23.105,25.2,25.2,23.43,0.20K,-13.95%
5/31/23,26.85,25.495,27.95,25.495,0.04K,8.79%
5/30/23,24.681,24.681,24.681,24.681,,0.66%
5/26/23,24.52,25.435,25.435,23.79,0.10K,-3.65%
5/25/23,25.45,26.9,26.9,25.29,0.04K,-8.40%
5/24/23,27.785,28.63,28.63,28.63,0.05K,-4.60%
5/23/23,29.125,29.125,29.125,29.125,0.04K,-1.97%
5/22/23,29.71,30.2,30.2,30.2,0.17K,-1.54%
5/19/23,30.175,30.175,30.175,30.175,,1.31%
5/18/23,29.785,29.985,29.985,29.975,0.09K,-6.79%
5/17/23,31.955,32.6,32.6,32.175,0.15K,0.42%
5/16/23,31.82,32.35,32.93,31.635,0.44K,-1.53%
5/15/23,32.315,32.305,33.6,32,0.28K,-1.37%
5/12/23,32.765,33.95,33.95,32.35,0.43K,-6.37%
5/11/23,34.995,34.9,35.16,34.67,0.43K,0.00%
5/10/23,34.995,35.7,36,34.74,0.21K,-2.66%
5/9/23,35.95,36.625,36.91,35.8,0.26K,-2.51%
5/8/23,36.875,36.85,37.25,36.85,0.03K,0.82%
5/5/23,36.575,35.925,36.79,35.925,0.34K,2.58%
5/4/23,35.655,36.95,36.95,35.7,0.45K,-3.06%
5/3/23,36.78,37.495,37.495,36.4,0.41K,-2.00%
5/2/23,37.53,37.86,38.05,37.275,0.24K,-3.36%
5/1/23,38.835,38.835,38.835,38.835,0.01K,0.77%
4/28/23,38.54,39.8,39.8,38.3,0.00K,-1.28%
4/27/23,39.039,39.039,39.039,39.039,0.02K,1.27%
4/26/23,38.55,38.55,38.55,38.55,,-3.23%
4/25/23,39.835,39.835,39.835,39.835,,-0.23%
4/24/23,39.925,39.925,39.925,39.925,,-0.60%
4/21/23,40.165,40.65,41.15,39.95,0.03K,-0.99%
4/20/23,40.565,40.4,41.02,40.4,0.33K,0.66%
4/19/23,40.3,42.425,42.425,39.805,0.21K,-5.66%
4/18/23,42.72,41.505,42.99,41.505,0.14K,3.88%
4/17/23,41.125,42.185,42.185,41.05,0.27K,-0.06%
4/14/23,41.15,41.05,41.88,41.05,0.28K,-2.24%
4/13/23,42.095,42.6,42.605,41.945,0.16K,-1.83%
4/12/23,42.88,43.295,43.9,42.94,0.09K,-1.85%
4/11/23,43.69,43.1,44.365,42.425,0.09K,1.31%
4/10/23,43.125,43.125,43.125,43.125,,0.00%
4/6/23,43.125,43.765,44,42.895,0.07K,-3.25%
4/5/23,44.575,46.6,47.2,44.4,0.11K,-4.28%
4/4/23,46.57,48.945,48.945,45.825,0.13K,-9.34%
4/3/23,51.365,49.9,51.835,49.9,0.08K,7.36%
3/31/23,47.845,44.95,44.95,44.95,0.01K,9.71%
3/30/23,43.609,43.609,43.609,43.609,0.00K,1.88%
3/29/23,42.805,42.805,42.805,42.805,,0.13%
3/28/23,42.75,42.83,42.83,42.83,0.01K,0.52%
3/27/23,42.53,42.53,42.53,42.53,,3.49%
3/24/23,41.095,41.75,41.75,41.75,0.01K,-4.84%
3/23/23,43.185,42.6,43.81,42.245,0.19K,8.03%
3/22/23,39.975,41.55,41.55,39.945,0.11K,-5.72%
3/21/23,42.4,38.985,41.5,38.985,0.05K,7.82%
3/20/23,39.325,40.1,40.7,38.855,0.07K,-8.24%
3/17/23,42.855,43.8,44,42.32,0.14K,-3.35%
3/16/23,44.34,42,44.65,42,0.04K,3.34%
3/15/23,42.905,43.85,43.9,42.65,0.02K,-2.90%
3/14/23,44.185,46.75,46.75,44.545,0.14K,-10.89%
3/13/23,49.585,49.25,51.825,48.8,0.04K,-6.19%
3/10/23,52.855,48,54.23,45.3,0.03K,21.23%
3/9/23,43.6,41.15,41.15,41.15,0.00K,2.98%
3/8/23,42.34,44.6,44.6,44.6,0.03K,-2.37%
3/7/23,43.37,42.8,43.65,42.8,0.02K,2.89%
3/6/23,42.15,43.3,43.3,41.7,0.01K,-6.29%
3/3/23,44.98,45.65,46.285,45.075,0.01K,-3.92%
3/2/23,46.815,47.5,47.5,47.3,0.00K,-0.57%
3/1/23,47.085,47.25,48.2,47,0.01K,0.90%
2/28/23,46.665,48,48,46.7,0.00K,-1.34%
2/27/23,47.299,47.299,47.299,47.299,,-7.28%
2/24/23,51.015,51.015,51.015,51.015,,0.46%
2/23/23,50.78,50.78,50.78,50.78,,0.42%
2/22/23,50.57,50.57,50.57,50.57,,4.18%
2/21/23,48.54,50.8,50.8,50.8,0.00K,-1.03%
2/17/23,49.045,49.7,49.7,49.5,0.00K,-5.70%
2/16/23,52.01,54,54,54,0.01K,-4.94%
2/15/23,54.715,54.2,54.2,54.2,0.00K,4.45%
2/14/23,52.385,52,52,52,0.00K,1.32%
2/13/23,51.705,51.705,51.705,51.705,,-4.15%
2/10/23,53.945,53.25,53.25,53.25,0.00K,2.29%
2/9/23,52.735,52.735,52.735,52.735,,-1.77%
2/8/23,53.685,53.685,53.685,53.685,,-3.10%
2/7/23,55.405,57.4,57.7,55.5,0.01K,-4.65%
2/6/23,58.11,58.11,58.11,58.11,,0.38%
2/3/23,57.89,58,59.2,57.9,0.01K,1.49%
2/2/23,57.04,57.1,57.1,56.7,0.00K,-4.17%
2/1/23,59.525,57.4,58.2,57.4,0.00K,3.79%
1/31/23,57.35,60.2,60.2,57.4,0.01K,3.98%
1/30/23,55.156,56.85,56.85,55.5,0.01K,-0.49%
1/27/23,55.425,53.5,53.5,53,0.01K,1.11%
1/26/23,54.815,56.6,56.6,56.6,0.00K,-3.26%
1/25/23,56.66,57.25,57.25,56.6,0.00K,-2.76%
1/24/23,58.27,58.27,58.27,58.27,,-11.71%
1/23/23,66,65.2,65.2,64.6,0.00K,-1.35%
1/20/23,66.9,66.5,66.5,66.5,0.00K,10.19%
1/19/23,60.715,60.3,61.1,60.3,0.02K,-1.61%
1/18/23,61.71,60,62.2,60,0.01K,2.75%
1/17/23,60.06,65,65,54.5,0.01K,-7.33%
1/13/23,64.81,66.3,66.3,62.8,0.01K,-2.99%
1/12/23,66.81,69.6,69.6,67.6,0.01K,2.24%
1/11/23,65.345,67.595,67.595,65.5,0.01K,-6.74%
1/10/23,70.07,73,76,70.2,0.02K,-5.69%
1/9/23,74.3,71.05,75.4,70.1,0.01K,6.85%
1/6/23,69.535,72,76,68,0.01K,-3.98%
1/5/23,72.42,72.42,72.42,72.42,,11.38%
1/4/23,65.02,65.02,65.02,65.02,,-10.09%
1/3/23,72.315,72.315,72.315,72.315,,-5.24%
12/30/22,76.315,76.315,76.315,76.315,,-8.96%
12/29/22,83.83,83.83,83.83,83.83,,3.05%
12/28/22,81.35,81.35,81.35,81.35,,1.63%
12/27/22,80.045,80.045,80.045,80.045,,-3.53%
12/23/22,82.975,82.975,82.975,82.975,,-9.75%
12/22/22,91.94,91.94,91.94,91.94,,-5.94%
12/21/22,97.75,97.75,97.75,97.75,,-7.51%
12/20/22,105.69,105.69,105.69,105.69,,-2.63%
12/19/22,108.545,108.545,108.545,108.545,,-5.98%
12/16/22,115.45,115.45,115.45,115.45,,-14.33%
12/15/22,134.765,134.765,134.765,134.765,,2.48%
12/14/22,131.51,131.51,131.51,131.51,,-4.38%
12/13/22,137.53,137.53,137.53,137.53,,0.69%
12/12/22,136.59,136.59,136.59,136.59,,-1.82%
12/9/22,139.115,139.115,139.115,139.115,,0.16%
12/8/22,138.895,138.895,138.895,138.895,,-6.93%
12/7/22,149.245,149.245,149.245,149.245,,7.77%
12/6/22,138.49,138.49,138.49,138.49,,2.81%
12/5/22,134.7,134.7,134.7,134.7,,-0.63%
12/2/22,135.56,135.56,135.56,135.56,,-2.66%
12/1/22,139.26,139.26,139.26,139.26,,-4.87%
11/30/22,146.395,146.395,146.395,146.395,,10.67%
11/29/22,132.286,132.286,132.286,132.286,,7.31%
11/28/22,123.28,123.28,123.28,123.28,,-0.88%
11/25/22,124.37,124.37,124.37,124.37,,-4.05%
11/23/22,129.62,129.62,129.62,129.62,,8.34%
11/22/22,119.64,119.64,119.64,119.64,,3.02%
11/21/22,116.13,116.13,116.13,116.13,,0.54%
11/18/22,115.51,115.51,115.51,115.51,,2.63%
11/17/22,112.555,112.555,112.555,112.555,,-1.18%
11/16/22,113.9,113.9,113.9,113.9,,-8.22%
11/15/22,124.105,124.105,124.105,124.105,,9.15%
11/14/22,113.705,113.705,113.705,113.705,,16.20%
11/11/22,97.855,97.855,97.855,97.855,,-13.75%
11/10/22,113.45,113.45,113.45,113.45,,0.27%
11/9/22,113.145,113.145,113.145,113.145,,-4.23%
11/8/22,118.145,118.145,118.145,118.145,,7.71%
11/7/22,109.685,109.685,109.685,109.685,,-4.44%
11/4/22,114.785,114.785,114.785,114.785,,-8.50%
11/3/22,125.445,125.445,125.445,125.445,,-0.33%
11/2/22,125.865,125.865,125.865,125.865,,8.32%
11/1/22,116.195,116.195,116.195,116.195,,-5.80%
10/31/22,123.35,123.35,123.35,123.35,,9.89%
10/28/22,112.244,112.244,112.244,112.244,,4.52%
10/27/22,107.385,107.385,107.385,107.385,,2.94%
10/26/22,104.32,104.32,104.32,104.32,,4.53%
10/25/22,99.795,99.795,99.795,99.795,,0.63%
10/24/22,99.17,99.17,99.17,99.17,,-12.68%
10/21/22,113.575,113.575,113.575,113.575,,-10.67%
10/20/22,127.145,127.145,127.145,127.145,,13.01%
10/19/22,112.51,112.51,112.51,112.51,,-0.63%
10/18/22,113.22,113.22,113.22,113.22,,-11.53%
10/17/22,127.98,127.98,127.98,127.98,,-9.87%
10/14/22,141.995,141.995,141.995,141.995,,-7.68%
10/13/22,153.81,153.81,153.81,153.81,,-3.98%
10/12/22,160.19,160.19,160.19,160.19,,2.18%
10/11/22,156.78,156.78,156.78,156.78,,1.73%
10/10/22,154.12,154.12,154.12,154.12,,-1.33%
10/7/22,156.205,156.205,156.205,156.205,,-11.10%
10/6/22,175.71,175.71,175.71,175.71,,1.16%
10/5/22,173.695,173.695,173.695,173.695,,7.25%
10/4/22,161.95,161.95,161.95,161.95,,-4.68%
10/3/22,169.91,169.91,169.91,169.91,,-10.01%
9/30/22,188.8,188.8,188.8,188.8,,0.60%
9/29/22,187.665,187.665,187.665,187.665,,-9.42%
9/28/22,207.185,207.185,207.185,207.185,,11.33%
9/27/22,186.1,186.1,186.1,186.1,,7.06%
9/26/22,173.835,173.835,173.835,173.835,,-6.29%
9/23/22,185.495,185.495,185.495,185.495,,-1.05%
9/22/22,187.47,187.47,187.47,187.47,,-1.22%
9/21/22,189.78,189.78,189.78,189.78,,-2.31%
9/20/22,194.26,194.26,194.26,194.26,,6.58%
9/19/22,182.26,182.26,182.26,182.26,,-2.95%
9/16/22,187.795,187.795,187.795,187.795,,-12.36%
9/15/22,214.285,214.285,214.285,214.285,0.01K,-1.65%
9/14/22,217.88,217.88,217.88,217.88,,9.70%
9/13/22,198.61,198.61,198.61,198.61,,4.21%
9/12/22,190.59,190.59,190.59,190.59,,-7.97%
9/9/22,207.09,207.09,207.09,207.09,,-6.10%
9/8/22,220.54,220.54,220.54,220.54,,3.11%
9/7/22,213.885,213.885,213.885,213.885,,-10.82%
9/6/22,239.84,239.84,239.84,239.84,,11.73%
9/2/22,214.665,214.665,214.665,214.665,,-11.66%
9/1/22,243.005,243.005,243.005,243.005,,1.29%
8/31/22,239.905,239.905,239.905,239.905,,-5.15%
8/30/22,252.937,252.937,252.937,252.937,,-7.21%
8/29/22,272.605,272.605,272.605,272.605,,-19.63%
8/26/22,339.195,339.195,339.195,339.195,,5.53%
8/25/22,321.415,321.415,321.415,321.415,,10.02%
8/24/22,292.15,292.15,292.15,292.15,,8.59%
8/23/22,269.05,269.05,269.05,269.05,,-2.78%
8/22/22,276.75,276.75,276.75,276.75,,13.17%
8/19/22,244.55,244.55,244.55,244.55,,1.47%
8/18/22,241.005,241.005,241.005,241.005,,6.72%
8/17/22,225.835,225.835,225.835,225.835,,-0.04%
8/16/22,225.915,225.915,225.915,225.915,,2.64%
8/15/22,220.11,220.11,220.11,220.11,,6.79%
8/12/22,206.11,206.11,206.11,206.11,,-0.96%
8/11/22,208.11,208.11,208.11,208.11,,1.34%
8/10/22,205.365,205.365,205.365,205.365,,6.86%
8/9/22,192.185,192.185,192.185,192.185,,-0.45%
8/8/22,193.055,193.055,193.055,193.055,,-1.66%
8/5/22,196.32,196.32,196.32,196.32,,-1.47%
8/4/22,199.25,199.25,199.25,199.25,,0.03%
8/3/22,199.195,199.195,199.195,199.195,,-2.91%
8/2/22,205.175,205.175,205.175,205.175,,2.18%
8/1/22,200.795,200.795,200.795,200.795,,5.18%
7/29/22,190.915,190.915,190.915,190.915,,-4.03%
7/28/22,198.93,198.93,198.93,198.93,,-3.07%
7/27/22,205.225,205.225,205.225,205.225,,2.65%
7/26/22,199.92,199.92,199.92,199.92,,13.20%
7/25/22,176.615,176.615,176.615,176.615,,10.48%
7/22/22,159.865,159.865,159.865,159.865,,2.74%
7/21/22,155.6,155.6,155.6,155.6,,0.36%
7/20/22,155.04,155.04,155.04,155.04,,0.38%
7/19/22,154.455,154.455,154.455,154.455,,-1.78%
7/18/22,157.26,157.26,157.26,157.26,,-1.44%
7/15/22,159.565,159.565,159.565,159.565,,-8.84%
7/14/22,175.035,175.035,175.035,175.035,,-3.03%
7/13/22,180.505,180.505,180.505,180.505,,4.57%
7/12/22,172.61,172.61,172.61,172.61,,4.92%
7/11/22,164.52,164.52,164.52,164.52,,-6.10%
7/8/22,175.21,175.21,175.21,175.21,,-4.35%
7/7/22,183.185,183.185,183.185,183.185,,7.13%
7/6/22,171,171,171,171,,3.59%
7/5/22,165.075,165.075,165.075,165.075,,11.70%
7/1/22,147.785,147.785,147.785,147.785,,2.26%
6/30/22,144.515,144.515,144.515,144.515,,3.53%
6/29/22,139.588,139.588,139.588,139.588,,8.06%
6/28/22,129.175,129.175,129.175,129.175,,-0.22%
6/27/22,129.46,129.46,129.46,129.46,,0.74%
6/24/22,128.505,128.505,128.505,128.505,,-3.63%
6/23/22,133.345,133.345,133.345,133.345,,4.86%
6/22/22,127.17,127.17,127.17,127.17,,1.28%
6/21/22,125.56,125.56,125.56,125.56,,6.64%
6/17/22,117.74,117.74,117.74,117.74,,-5.33%
6/16/22,124.365,124.365,124.365,124.365,,3.35%
6/15/22,120.33,120.33,120.33,120.33,,24.00%
6/14/22,97.04,97.04,97.04,97.04,,16.35%
6/13/22,83.4,83.4,83.4,83.4,,1.13%
6/10/22,82.465,82.465,82.465,82.465,,-2.85%
6/9/22,84.88,84.88,84.88,84.88,,6.90%
6/8/22,79.405,79.405,79.405,79.405,,-0.26%
6/7/22,79.61,80.41,81.02,80.41,0.01K,-3.57%
6/6/22,82.56,83.005,83.005,83.005,0.02K,-0.65%
6/3/22,83.1,83.1,83.1,83.1,,-1.01%
6/2/22,83.945,83.945,83.945,83.945,,-1.88%
6/1/22,85.55,85.55,85.55,85.55,,-8.99%
5/31/22,94.005,94.005,94.005,94.005,,8.21%
5/27/22,86.875,86.25,86.25,86.25,0.01K,1.05%
5/26/22,85.97,85.97,85.97,85.97,,-2.40%
5/25/22,88.08,85.625,86.125,84.84,0.05K,4.23%
5/24/22,84.505,86.875,86.875,86.875,0.01K,1.46%
5/23/22,83.29,85.22,85.22,85.22,0.01K,-5.24%
5/20/22,87.9,87.9,87.9,87.9,,-3.43%
5/19/22,91.025,91.025,91.025,91.025,,-3.72%
5/18/22,94.54,96.475,96.475,96.475,0.01K,0.39%
5/17/22,94.175,94.175,94.175,94.175,,1.42%
5/16/22,92.86,92.86,92.86,92.86,,-4.15%
5/13/22,96.88,96.88,96.88,96.88,,-9.20%
5/12/22,106.7,106.7,106.7,106.7,,13.50%
5/11/22,94.01,94.01,94.01,94.01,,-4.85%
5/10/22,98.8,98.8,98.8,98.8,,5.35%
5/9/22,93.785,96.315,96.315,95,0.05K,-7.79%
5/6/22,101.71,101.71,101.71,101.71,,-4.51%
5/5/22,106.51,106.51,106.51,106.51,,2.59%
5/4/22,103.82,103.82,103.82,103.82,,4.42%
5/3/22,99.425,99.425,99.425,99.425,,2.45%
5/2/22,97.05,97.05,97.05,97.05,,-2.41%
4/29/22,99.45,99.45,99.45,99.45,,-0.69%
4/28/22,100.142,100.142,100.142,100.142,,-6.78%
4/27/22,107.425,107.425,107.425,107.425,,4.08%
4/26/22,103.21,103.21,103.21,103.21,,11.18%
4/25/22,92.835,92.835,92.835,92.835,,-2.15%
4/22/22,94.875,94.875,94.875,94.875,,-5.18%
4/21/22,100.06,100.06,100.06,100.06,,6.19%
4/20/22,94.23,96.75,96.75,96.75,0.00K,0.49%
4/19/22,93.77,93.77,93.77,93.77,,-1.93%
4/18/22,95.62,95.62,95.62,95.62,,0.00%
4/14/22,95.62,95.62,95.62,95.62,,-9.21%
4/13/22,105.325,105.325,105.325,105.325,,3.04%
4/12/22,102.22,103.75,103.75,103.75,0.00K,2.08%
4/11/22,100.135,100.135,100.135,100.135,,-3.61%
4/8/22,103.88,103.88,103.88,103.88,,-0.66%
4/7/22,104.565,104.565,104.565,104.565,,-2.08%
4/6/22,106.79,106.79,106.79,106.79,,-1.63%
4/5/22,108.565,108.14,108.14,108.14,0.00K,-0.88%
4/4/22,109.525,109.525,109.525,109.525,0.01K,-2.34%
4/1/22,112.15,114.75,114.75,114.75,0.03K,-10.92%
3/31/22,125.905,125.905,125.905,125.905,,5.83%
3/30/22,118.97,118.97,118.97,118.97,,9.77%
3/29/22,108.38,108.38,108.38,108.38,0.38K,5.69%
3/28/22,102.545,97.6,97.6,97.6,0.00K,1.26%
3/25/22,101.27,101.27,101.27,101.27,0.04K,-9.26%
3/24/22,111.61,116,116,116,0.03K,-4.61%
3/23/22,117,117,117,117,,18.49%
3/22/22,98.745,98.745,98.745,98.745,0.01K,2.54%
3/21/22,96.302,98.72,98.72,98.72,0.01K,-8.32%
3/18/22,105.045,105.045,105.045,105.045,0.01K,-0.04%
3/17/22,105.09,110.5,110.5,105.25,0.02K,2.40%
3/16/22,102.625,102.625,102.625,102.625,,-11.10%
3/15/22,115.44,121.69,121.69,121.69,0.00K,0.80%
3/14/22,114.52,114.52,114.52,114.52,0.00K,-12.73%
3/11/22,131.23,131.23,131.23,131.23,,3.82%
3/10/22,126.4,126.4,126.4,126.4,,-18.91%
3/9/22,155.88,155.88,155.88,155.88,,-27.35%
3/8/22,214.555,214.555,214.555,214.555,,-5.57%
3/7/22,227.2,227.2,227.2,227.2,0.01K,18.00%
3/4/22,192.55,192.55,192.55,192.55,0.02K,19.73%
3/3/22,160.825,148,148,147.49,0.01K,-2.85%
3/2/22,165.545,165.545,165.545,165.545,0.00K,36.06%
3/1/22,121.675,103.665,119.27,103.665,0.43K,23.41%
2/28/22,98.595,116.49,116.49,104.47,0.03K,4.42%
2/25/22,94.422,94.422,94.422,94.422,0.10K,-29.70%
2/24/22,134.315,106.1,135,106.1,0.00K,51.10%
2/23/22,88.89,83.175,88,83.175,0.04K,11.40%
2/22/22,79.79,71.525,80.345,71.525,0.37K,11.25%
2/21/22,71.72,71.525,75.465,71.525,0.09K,-2.77%
2/18/22,73.76,72.975,73.9,70.57,0.05K,-1.54%
2/17/22,74.915,73.35,75.15,71.34,0.05K,7.34%
2/16/22,69.795,69.095,71,68.97,0.10K,-1.59%
2/15/22,70.92,76.06,76.17,68.515,0.13K,-12.20%
2/14/22,80.77,83.6,83.6,79.695,0.30K,4.32%
2/11/22,77.425,73.415,76.4,73.305,0.17K,4.13%
2/10/22,74.355,74.03,74.68,72.47,0.15K,-0.08%
2/9/22,74.415,76.695,76.695,73.835,0.07K,-3.73%
2/8/22,77.3,81.48,82,75.48,0.32K,-2.88%
2/7/22,79.595,78.8,79.74,77.85,0.07K,-3.70%
2/4/22,82.65,81.47,82.45,81.47,0.10K,3.02%
2/3/22,80.225,79.6,80.1,77.01,0.33K,3.72%
2/2/22,77.35,77.15,79.1,76.29,0.38K,1.56%
2/1/22,76.165,78.3,78.38,74.8,0.48K,-10.04%
1/31/22,84.67,84.85,84.85,84.85,0.00K,-8.03%
1/28/22,92.062,92.062,92.062,92.062,0.06K,-0.26%
1/27/22,92.3,92.25,92.9,90.31,0.33K,0.51%
1/26/22,91.835,89.395,92.445,89.395,0.07K,-1.86%
1/25/22,93.58,92.385,95.51,92.385,0.05K,0.62%
1/24/22,93,88.605,93.6,88.605,0.07K,17.75%
1/21/22,78.98,74.765,81.815,74.765,0.05K,5.02%
1/20/22,75.205,71,75.59,71,0.05K,-0.52%
1/19/22,75.6,73.95,76.5,71.42,0.05K,-3.49%
1/18/22,78.335,83.275,84.6,74.89,0.13K,0.15%
1/17/22,78.22,84.6,84.6,74.89,0.08K,-10.06%
1/14/22,86.97,89,91.8,85.7,0.12K,1.77%
1/13/22,85.46,72,85.98,72,0.14K,13.71%
1/12/22,75.155,82.25,82.25,73.4,0.09K,-4.55%
1/11/22,78.735,81.225,82.05,80,0.04K,-6.94%
1/10/22,84.605,86.5,90.4,84.46,0.07K,-4.05%
1/7/22,88.175,95.8,96.27,86.58,0.03K,-8.63%
1/6/22,96.5,95.265,97.02,93.3,0.07K,5.44%
1/5/22,91.52,95.7,95.7,88.385,0.14K,3.13%
1/4/22,88.74,85,96.625,85,0.31K,10.33%
1/3/22,80.435,80.435,80.435,80.435,,14.34%
12/31/21,70.345,82,82,67.365,0.08K,-19.17%
12/30/21,87.027,94.35,94.35,88.05,0.09K,-9.79%
12/29/21,96.475,99,104.6,99,0.07K,-9.49%
12/28/21,106.59,106.59,106.59,106.59,0.00K,-0.29%
12/27/21,106.895,100,105.5,100,0.01K,-19.37%
12/23/21,132.58,158.3,158.3,129.36,0.08K,-23.31%
12/22/21,172.875,174.3,176.655,172.72,0.04K,-4.10%
12/21/21,180.265,157.7,174.8,157.7,0.51K,22.69%
12/20/21,146.925,140.82,148.505,139.4,0.41K,7.31%
12/17/21,136.915,124.5,139.5,124.5,0.68K,-4.10%
12/16/21,142.765,128.71,143,126.19,0.85K,7.92%
12/15/21,132.285,131.1,132.405,120.6,1.02K,3.11%
12/14/21,128.3,118.95,129.065,116.775,0.64K,10.52%
12/13/21,116.085,115.4,118.625,112.44,0.47K,9.75%
12/10/21,105.775,101.605,107.75,100.83,0.24K,5.31%
12/9/21,100.445,98.5,104.35,97.17,0.42K,-1.04%
12/8/21,101.5,98.6,103.835,98.6,0.36K,5.86%
12/7/21,95.885,95,95.88,94.595,0.24K,6.62%
12/6/21,89.93,86.6,90.275,86.6,0.09K,0.50%
12/3/21,89.48,91.59,92.05,89.62,0.09K,-5.64%
12/2/21,94.83,91.6,92.46,89.2,0.17K,-0.88%
12/1/21,95.675,92.6,95.1,92.6,0.29K,3.42%
11/30/21,92.515,98,98,95.015,0.03K,-0.68%
11/29/21,93.146,94.25,94.25,92.45,0.22K,6.12%
11/26/21,87.772,92.45,94.4,87.75,0.08K,-5.92%
11/25/21,93.3,93.3,93.3,93.3,,-0.73%
11/24/21,93.985,93.85,93.85,93.85,0.01K,3.37%
11/23/21,90.925,86.95,91.4,86.95,0.04K,8.22%
11/22/21,84.015,84.25,86.02,81.95,0.06K,-3.57%
11/19/21,87.125,91.125,91.125,86,0.01K,-8.45%
11/18/21,95.165,93.6,95.3,91.365,0.04K,0.17%
11/17/21,95.005,97.99,99.85,95.085,0.05K,0.87%
11/16/21,94.19,84.38,91.49,84.38,0.06K,17.82%
11/15/21,79.945,78.295,82.095,78.285,0.05K,5.64%
11/12/21,75.675,77.77,77.77,74.06,0.03K,1.18%
11/11/21,74.79,72,75.1,72,0.01K,6.65%
11/10/21,70.125,66.71,70.37,64.505,0.06K,-3.39%
11/9/21,72.585,76.5,76.9,74.005,0.03K,-8.21%
11/8/21,79.075,80.77,80.77,77.005,0.05K,6.82%
11/5/21,74.025,73.16,74.64,73.03,0.08K,0.89%
11/4/21,73.375,77.525,77.525,72.815,0.06K,-4.14%
11/3/21,76.54,73.52,80.045,73.52,0.07K,13.22%
11/2/21,67.605,65.175,70.665,62.84,0.06K,3.02%
11/1/21,65.62,63.59,65.75,63.59,0.01K,1.16%
10/29/21,64.865,72.62,72.62,70,0.02K,-15.79%
10/28/21,77.032,78,80.6,78,0.03K,-11.27%
10/27/21,86.82,86.3,86.95,86,0.05K,-1.89%
10/26/21,88.495,90.15,90.2,87.8,0.06K,-0.17%
10/25/21,88.645,91,91,88,0.06K,1.49%
10/22/21,87.34,88.61,88.7,87,0.09K,-1.27%
10/21/21,88.465,90.645,90.66,87.815,0.04K,-5.33%
10/20/21,93.45,94.395,94.395,92.75,0.02K,3.91%
10/19/21,89.93,92.15,93.935,89.425,0.06K,-4.26%
10/18/21,93.935,89.35,100.4,89.35,0.04K,0.30%
10/15/21,93.65,104,104,92.57,0.15K,-8.34%
10/14/21,102.17,102.15,102.255,96.73,0.08K,9.14%
10/13/21,93.615,91.375,94.61,90.29,0.24K,9.24%
10/12/21,85.7,86.31,87.395,85,0.60K,0.57%
10/11/21,85.215,92,92.135,83.5,0.23K,-2.73%
10/8/21,87.605,95,95.675,83.7,0.15K,-9.30%
10/7/21,96.585,89.26,109.47,89.26,0.08K,-10.73%
10/6/21,108.19,131.025,132.93,101.555,0.18K,-6.75%
10/5/21,116.02,95,105.61,83.62,0.17K,20.04%
10/4/21,96.65,96.4,99.76,94.235,0.17K,3.23%
10/1/21,93.625,94.665,97.59,93.105,0.20K,-4.24%
9/30/21,97.775,94.92,96.3,93.18,0.05K,12.89%
9/29/21,86.609,86.5,86.5,86.5,0.08K,10.24%
9/28/21,78.565,83,84.15,78.95,0.08K,2.69%
9/27/21,76.505,75,76.97,75,0.28K,8.92%
9/24/21,70.24,68.3,70.89,68.255,0.35K,0.80%
9/23/21,69.685,68,70.71,68,0.61K,-2.80%
9/22/21,71.69,70.1,72.655,69.925,0.71K,-2.83%
9/21/21,73.78,72.525,75.105,71.25,0.36K,-2.04%
9/20/21,75.315,65.725,75.38,69.805,0.35K,15.69%
9/17/21,65.103,66.75,66.775,62.85,0.38K,2.93%
9/16/21,63.25,68.535,68.535,60.76,0.34K,-10.54%
9/15/21,70.705,71.925,77.275,69.725,0.62K,7.51%
9/14/21,65.765,64.55,66.395,64.55,1.13K,7.32%
9/13/21,61.28,59.35,62.25,59.35,1.02K,5.81%
9/10/21,57.916,56,57.995,55.775,1.18K,2.36%
9/9/21,56.58,55.6,57.23,54.73,1.06K,2.33%
9/8/21,55.29,54.175,55.575,53.56,1.43K,2.56%
9/7/21,53.91,53.075,54.185,51.285,2.16K,4.67%
9/3/21,51.505,51.8,52.55,51.29,1.29K,-0.79%
9/2/21,51.915,50.985,52.595,49.715,1.32K,3.35%
9/1/21,50.23,52.25,52.9,49.6,2.05K,-0.22%
8/31/21,50.34,48.58,50.47,48.58,0.20K,1.33%
8/30/21,49.68,48.85,49.43,48.7,0.09K,3.92%
8/27/21,47.806,47.806,47.806,47.806,,4.40%
8/26/21,45.79,44.215,45.845,44.2,0.32K,1.12%
8/25/21,45.285,45.83,46.13,44.775,1.00K,0.92%
8/24/21,44.87,43.625,45.07,43.625,0.16K,7.65%
8/23/21,41.68,42.275,43.535,40.61,0.59K,-0.63%
8/20/21,41.944,41.57,42.625,40.9,0.52K,3.83%
8/19/21,40.395,44.375,44.48,40.1,0.80K,-10.99%
8/18/21,45.385,46.395,47.525,42.795,0.63K,-3.33%
8/17/21,46.95,46.855,47.975,46.675,0.52K,-2.17%
8/16/21,47.99,46.25,48.215,46.25,0.42K,7.53%
8/13/21,44.63,44.415,45.4,44.375,0.76K,-2.70%
8/12/21,45.87,46.15,46.525,45.325,0.77K,-0.25%
8/11/21,45.985,44.975,46.525,44.575,0.52K,2.98%
8/10/21,44.655,44.39,45.025,44.215,0.89K,4.37%
8/9/21,42.785,43.095,43.57,42.45,1.22K,-0.78%
8/6/21,43.12,43.9,44.57,42.675,1.14K,0.51%
8/5/21,42.9,41.57,43.2,41.195,1.26K,1.53%
8/4/21,42.255,41.54,42.26,41.54,0.78K,2.45%
8/3/21,41.245,41.59,42.18,41.12,0.93K,-2.16%
8/2/21,42.155,42.1,42.69,41.815,1.36K,3.44%
7/30/21,40.755,40.51,40.855,39.42,0.39K,-0.97%
7/29/21,41.154,40.35,40.88,40.05,0.72K,3.66%
7/28/21,39.7,38.465,39.715,38.415,0.51K,5.61%
7/27/21,37.59,37.695,37.705,37.26,0.56K,1.83%
7/26/21,36.915,36.14,37.025,35.91,0.17K,3.91%
7/23/21,35.525,35.815,35.94,35.1,0.53K,-1.67%
7/22/21,36.13,35.675,36.435,35.65,0.59K,0.50%
7/21/21,35.95,35.5,36.2,35.46,0.37K,2.23%
7/20/21,35.165,35.095,35.315,34.625,0.52K,-1.36%
7/19/21,35.65,36.45,36.81,35.615,0.42K,2.32%
7/16/21,34.84,35.1,35.525,34.6,0.46K,3.09%
7/15/21,33.795,34.2,34.605,33.61,0.46K,-2.82%
7/14/21,34.775,34.835,35.175,33.405,0.62K,-1.95%
7/13/21,35.465,34.305,35.835,34.145,0.94K,2.35%
7/12/21,34.65,35.235,36.15,34.395,1.14K,-5.41%
7/9/21,36.632,35.84,36.85,35.565,0.66K,9.97%
7/8/21,33.31,32.29,33.875,31.47,1.19K,3.00%
7/7/21,32.34,34.315,36.23,32.345,1.15K,-5.18%
7/6/21,34.105,37.25,38.365,33.08,1.43K,-4.81%
7/2/21,35.827,34.925,36.87,34.925,1.21K,-0.88%
7/1/21,36.145,35.5,36.955,35.45,0.63K,4.40%
6/30/21,34.62,33.875,34.925,33.74,1.46K,3.39%
6/29/21,33.486,32.855,33.825,32.855,0.30K,3.70%
6/28/21,32.29,32.1,32.38,31.75,0.79K,-0.29%
6/25/21,32.385,31.95,32.4,31.95,0.55K,1.16%
6/24/21,32.015,31.55,32.025,31.41,0.95K,1.49%
6/23/21,31.545,31.35,31.685,30.565,0.55K,2.64%
6/22/21,30.735,30.05,30.835,29.99,0.59K,3.78%
6/21/21,29.615,29.97,30.2,29.305,0.70K,0.71%
6/18/21,29.405,28.935,29.61,28.8,0.60K,3.87%
6/17/21,28.31,27.8,28.67,27.7,1.08K,1.00%
6/16/21,28.03,28,28.775,27.74,1.30K,-0.37%
6/15/21,28.135,28.3,28.705,27.91,1.01K,-2.34%
6/14/21,28.81,29.1,29.315,28.575,0.86K,3.47%
6/11/21,27.845,28.5,28.595,27.7,0.46K,-2.93%
6/10/21,28.685,28.275,28.725,27.705,0.68K,1.36%
6/9/21,28.3,27.9,28.425,27.805,0.69K,1.80%
6/8/21,27.8,27.475,27.85,27.35,0.64K,4.95%
6/7/21,26.49,25.9,26.665,25.9,0.36K,2.69%
6/4/21,25.795,25.75,26.025,25.45,0.41K,0.35%
6/3/21,25.705,26.25,26.25,25.675,0.47K,-0.08%
6/2/21,25.725,25.7,26.1,25.28,1.03K,-0.96%
6/1/21,25.975,25.18,26.23,25.18,0.77K,4.19%
5/28/21,24.93,25.1,25.2,24.62,0.40K,-1.07%
5/27/21,25.2,25.645,26.1,25.275,0.56K,-4.64%
5/26/21,26.425,26.775,26.915,26.4,0.71K,0.90%
5/25/21,26.19,25.25,26.15,25.25,0.86K,5.78%
5/24/21,24.76,24.475,24.85,24.455,0.40K,-0.14%
5/21/21,24.795,25.3,25.55,24.6,0.98K,0.45%
5/20/21,24.685,23.1,24.565,23.05,0.94K,8.91%
5/19/21,22.665,24.05,24.125,22.57,1.00K,-8.65%
5/18/21,24.81,25.4,25.775,24.645,1.31K,-5.70%
5/17/21,26.31,26.1,26.63,25.7,1.23K,-1.94%
5/14/21,26.83,26.35,26.875,26.35,0.67K,2.21%
5/13/21,26.25,25.75,26.3,24.975,1.37K,-0.64%
5/12/21,26.42,26.44,26.45,25.8,1.12K,2.38%
5/11/21,25.805,24.8,25.995,24.75,0.97K,2.44%
5/10/21,25.19,25.175,25.2,24.825,1.09K,5.22%
5/7/21,23.94,24.225,24.225,23.875,0.69K,-1.60%
5/6/21,24.33,24.13,24.95,24.13,1.08K,1.54%
5/5/21,23.96,23.4,23.965,23.325,0.63K,3.95%
5/4/21,23.05,24.105,24.105,22.995,0.72K,-3.21%
5/3/21,23.815,23.815,23.815,23.815,,2.28%
4/30/21,23.285,22.965,23.32,22.73,0.77K,3.49%
4/29/21,22.5,21.665,22.575,21.575,0.47K,4.38%
4/28/21,21.555,21.79,22.02,21.55,0.71K,0.70%
4/27/21,21.405,19.93,21.5,19.75,0.74K,7.03%
4/26/21,20,20.2,20.46,19.975,0.95K,-0.22%
4/23/21,20.045,20.8,20.8,19.71,0.18K,-6.20%
4/22/21,21.37,21.3,21.54,21.3,0.46K,1.23%
4/21/21,21.11,21.015,21.25,20.85,2.02K,0.21%
4/20/21,21.065,20.85,21.335,20.675,1.40K,0.60%
4/19/21,20.94,20.875,21.12,20.85,1.43K,1.95%
4/16/21,20.54,20.625,20.8,20.5,0.43K,1.38%
4/15/21,20.26,19.9,20.385,19.85,0.60K,2.95%
4/14/21,19.68,19.6,19.775,19.6,2.03K,0.87%
4/13/21,19.51,19.72,19.85,19.47,1.16K,-0.71%
4/12/21,19.65,19.395,19.725,19.26,1.48K,3.75%
4/9/21,18.94,19.35,19.365,18.9,1.18K,-0.26%
4/8/21,18.99,19.325,19.45,18.975,0.63K,-1.53%
4/7/21,19.285,19.65,19.725,19.175,0.83K,-2.50%
4/6/21,19.78,19.745,19.825,19.6,0.39K,3.18%
4/5/21,19.17,19.17,19.17,19.17,,0.00%
4/1/21,19.17,19,19.275,19,,0.92%
3/31/21,18.995,19.05,19.17,18.7,0.48K,1.01%
3/30/21,18.805,18.2,18.85,18.2,0.78K,1.95%
3/29/21,18.445,18.26,18.595,18.125,0.82K,-1.36%
3/26/21,18.7,18.6,18.82,18.575,1.21K,1.82%
3/25/21,18.365,18.6,18.6,18.275,1.49K,-1.21%
3/24/21,18.59,18.65,18.825,18.025,1.96K,1.09%
3/23/21,18.39,17.85,18.4,17.625,1.76K,1.91%
3/22/21,18.045,17.27,18.075,17.27,1.81K,4.52%
3/19/21,17.265,17.35,17.5,17.235,1.14K,-2.79%
3/18/21,17.76,18.16,18.4,17.5,0.90K,-1.17%
3/17/21,17.97,17.45,18.11,17.45,0.64K,1.76%
3/16/21,17.66,17.83,17.83,17.275,0.82K,-1.51%
3/15/21,17.93,18.17,18.88,17.87,0.88K,-2.82%
3/12/21,18.45,17.97,18.565,17.93,0.71K,1.79%
3/11/21,18.125,17.475,18.155,17.475,1.18K,2.81%
3/10/21,17.63,17.15,17.7,17.15,0.59K,4.17%
3/9/21,16.925,16.375,16.975,16.375,0.46K,4.80%
3/8/21,16.15,16.55,16.55,16.125,0.75K,-1.31%
3/5/21,16.365,15.85,16.45,15.775,0.58K,2.73%
3/4/21,15.93,15.59,15.975,15.575,0.53K,2.61%
3/3/21,15.525,15.6,15.68,15.5,0.46K,-2.17%
3/2/21,15.87,16.005,16.03,15.8,0.60K,-1.31%
3/1/21,16.08,16,16.1,15.925,0.36K,2.45%
2/26/21,15.695,15.95,15.975,15.55,0.44K,-1.51%
2/25/21,15.935,16.4,16.4,16.065,0.42K,-2.72%
2/24/21,16.38,16.125,16.35,16.05,0.77K,0.80%
2/23/21,16.25,16.1,16.4,16.05,0.42K,1.82%
2/22/21,15.96,16.25,16.25,15.825,0.50K,-3.59%
2/19/21,16.555,17.325,17.45,16.465,0.77K,-4.47%
2/18/21,17.33,16.9,17.35,16.84,1.00K,4.78%
2/17/21,16.54,17.15,17.3,16.4,1.08K,-1.05%
2/16/21,16.715,16.75,16.95,16.35,1.31K,-5.14%
2/12/21,17.62,17.07,17.65,16.95,0.60K,1.41%
2/11/21,17.375,18.15,18.15,17.375,1.63K,-6.38%
2/10/21,18.56,18.85,19.025,18.45,0.51K,-2.55%
2/9/21,19.045,18.855,19.305,18.75,0.58K,-5.62%
2/8/21,20.18,20.375,20.375,19.6,0.48K,9.79%
2/5/21,18.38,18.55,18.9,18.3,1.05K,1.43%
2/4/21,18.12,17.85,18.35,17.75,0.80K,1.48%
2/3/21,17.855,17.65,17.75,17.35,0.43K,-2.16%
2/2/21,18.25,18.2,18.5,18.105,0.35K,0.61%
2/1/21,18.14,19.05,19.05,17.875,0.84K,-8.48%
1/29/21,19.82,20.6,20.6,19.595,0.44K,-5.21%
1/28/21,20.91,20.6,20.875,20.35,0.29K,6.14%
1/27/21,19.7,19,19.9,18.9,0.38K,0.97%
1/26/21,19.51,19.8,20.075,19.175,0.79K,-3.22%
1/25/21,20.16,22.15,22.15,20.05,1.05K,-6.17%
1/22/21,21.485,20.75,21.5,20.75,0.94K,7.08%
1/21/21,20.065,19.825,20.5,19.55,0.43K,-0.96%
1/20/21,20.26,21.4,21.6,19.935,0.68K,-0.32%
1/19/21,20.325,19.1,20.4,18.9,1.05K,0.62%
1/15/21,20.2,20.1,20.4,19.625,0.52K,-5.32%
1/14/21,21.335,21.25,21.25,20.32,0.34K,-0.77%
1/13/21,21.5,23.475,23.9,21.6,0.54K,-17.80%
1/12/21,26.155,23.24,26.085,23.2,0.14K,18.21%
1/11/21,22.125,21.35,22.54,21.2,0.46K,9.97%
1/8/21,20.12,20.4,20.7,19.89,0.39K,4.22%
1/7/21,19.305,18.275,19.42,18.275,0.18K,9.91%
1/6/21,17.565,17.875,18.52,17.375,0.70K,-2.44%
1/5/21,18.005,18.905,18.95,17.925,0.51K,-9.27%
1/4/21,19.845,19.45,20.3,19.45,0.80K,3.76%
12/31/20,19.125,19.125,19.125,19.125,,0.66%
12/30/20,19,19.15,19.275,19.025,0.18K,1.20%
12/29/20,18.775,19,19,19,0.04K,-1.96%
12/28/20,19.15,19.15,19.15,19.15,,8.50%
12/24/20,17.65,17.65,17.65,17.65,,0.83%
12/23/20,17.505,17.65,17.65,17.5,0.08K,-0.74%
12/22/20,17.635,17.2,17.75,17.175,0.21K,5.00%
12/21/20,16.795,16.4,16.85,16.25,0.18K,5.73%
12/18/20,15.885,15.75,15.975,15.69,0.19K,-0.35%
12/17/20,15.94,16.175,16.325,15.9,0.19K,-2.69%
12/16/20,16.38,17.05,17.05,16.26,0.18K,-4.91%
12/15/20,17.225,17.1,17.265,16.66,0.22K,3.73%
12/14/20,16.605,16.45,16.925,16.45,0.16K,4.04%
12/11/20,15.96,15.525,15.825,15.3,0.18K,2.70%
12/10/20,15.54,15.3,15.55,15.275,0.32K,5.46%
12/9/20,14.735,14.35,14.735,14.35,0.13K,2.01%
12/8/20,14.445,14.3,14.63,14.3,0.71K,0.63%
12/7/20,14.355,14.1,14.4,14.1,0.40K,-1.98%
12/4/20,14.645,14.55,14.66,14.465,0.21K,3.53%
12/3/20,14.145,14.6,14.6,14,0.30K,-5.10%
12/2/20,14.905,14.45,14.95,14.45,0.36K,-0.03%
12/1/20,14.91,15.475,15.475,14.775,0.61K,-1.52%
11/30/20,15.14,14.985,15.2,14.95,0.06K,4.52%
11/27/20,14.485,13.835,14.6,13.8,0.77K,3.98%
11/25/20,13.93,14.15,14.275,13.8,0.35K,0.22%
11/24/20,13.9,13.45,13.9,13.45,0.30K,2.70%
11/23/20,13.535,13.3,13.625,13.3,0.13K,4.96%
11/20/20,12.895,12.7,12.91,12.6,0.41K,-0.96%
11/19/20,13.02,13.475,13.475,13,0.34K,-4.82%
11/18/20,13.68,13.85,13.95,13.59,0.22K,-2.08%
11/17/20,13.97,14.35,14.35,13.85,0.16K,-3.62%
11/16/20,14.495,14.425,14.6,14.42,0.29K,1.79%
11/13/20,14.24,14.2,14.325,14.175,0.28K,1.71%
11/12/20,14,14.05,14.15,13.95,0.29K,-0.67%
11/11/20,14.095,14.05,14.35,14.05,0.29K,0.43%
11/10/20,14.035,13.8,14.15,13.7,0.91K,1.30%
11/9/20,13.855,13.775,14.13,13.55,0.55K,-0.32%
11/6/20,13.9,14.115,14.15,13.885,0.78K,-3.84%
11/5/20,14.455,14.3,14.5,14.3,0.47K,4.11%
11/4/20,13.885,13.725,14.105,13.575,0.36K,1.61%
11/3/20,13.665,13.73,13.925,13.585,0.13K,0.07%
11/2/20,13.655,13.515,13.705,13.515,0.11K,-2.88%
10/30/20,14.06,14.335,14.385,13.925,0.24K,-1.09%
10/29/20,14.215,14.4,14.4,14.125,0.65K,-1.86%
10/28/20,14.485,14.525,14.65,14.4,0.64K,-1.76%
10/27/20,14.745,14.7,14.85,14.375,0.26K,-0.81%
10/26/20,14.865,15.15,15.39,15.15,0.14K,-3.54%
10/23/20,15.41,15.245,15.65,15.245,0.21K,1.02%
10/22/20,15.255,14.825,15.34,14.8,0.37K,2.62%
10/21/20,14.865,14.81,14.95,14.81,0.74K,-0.20%
10/20/20,14.895,14.56,14.98,14.56,1.82K,1.19%
10/19/20,14.72,14.65,14.75,14.65,0.07K,1.52%
10/16/20,14.5,14.525,14.65,14.425,0.07K,1.83%
10/15/20,14.24,14.175,14.175,13.9,0.56K,2.67%
10/14/20,13.87,13.74,13.945,13.74,0.07K,2.02%
10/13/20,13.595,13.69,13.7,13.49,0.35K,-1.77%
10/12/20,13.84,13.61,13.61,13.61,0.02K,0.62%
10/9/20,13.755,13.73,13.87,13.705,0.06K,-1.04%
10/8/20,13.9,13.75,14.05,13.75,0.05K,1.39%
10/7/20,13.71,13.425,13.69,13.425,0.03K,3.04%
10/6/20,13.305,13.225,13.365,13.225,0.09K,-0.86%
10/5/20,13.42,13.385,13.44,13.25,0.15K,3.03%
10/2/20,13.025,12.875,13.13,12.815,0.57K,-1.18%
10/1/20,13.18,13.35,13.405,13.11,0.51K,-0.79%
9/30/20,13.285,13.31,13.31,13.16,0.04K,8.18%
9/29/20,12.28,12.4,12.64,12.265,0.25K,-0.57%
9/28/20,12.35,12.06,12.06,11.95,0.08K,5.87%
9/25/20,11.665,11.5,11.695,11.4,0.35K,0.26%
9/24/20,11.635,11.95,11.95,11.66,0.18K,-3.20%
9/23/20,12.02,11.77,12.04,11.77,0.19K,2.69%
9/22/20,11.705,11.33,11.795,11.26,0.13K,1.83%
9/21/20,11.495,11.5,11.51,11.425,0.08K,0.17%
9/18/20,11.475,11.105,11.38,11.105,0.05K,3.19%
9/17/20,11.12,11.515,11.515,11.13,0.12K,-1.77%
9/16/20,11.32,11.2,11.445,11.2,0.10K,3.90%
9/15/20,10.895,10.85,10.87,10.815,0.05K,1.77%
9/14/20,10.705,10.725,10.8,10.65,0.15K,2.00%
9/11/20,10.495,10.4,10.435,10.37,0.11K,-0.19%
9/10/20,10.515,10.85,10.87,10.465,0.43K,-2.05%
9/9/20,10.735,10.6,10.95,10.6,0.25K,-0.60%
9/8/20,10.8,11.4,11.4,10.79,0.44K,-7.53%
9/4/20,11.68,12.105,12.105,11.85,0.06K,-0.47%
9/3/20,11.735,11.515,11.8,11.5,0.37K,5.63%
9/2/20,11.11,11.4,11.4,10.995,0.12K,-1.64%
9/1/20,11.295,11.2,11.835,11.2,0.38K,0.49%
8/31/20,11.24,11.24,11.24,11.24,,0.63%
8/28/20,11.17,11.125,11.175,11.125,0.02K,25.93%
8/27/20,8.87,9.25,9.275,8.9,1.24K,-3.06%
8/26/20,9.15,9.34,9.34,9.285,0.04K,3.21%
8/25/20,8.865,8.36,8.89,8.36,0.11K,6.04%
8/24/20,8.36,8.125,8.365,8.05,0.44K,9.71%
8/21/20,7.62,7.975,7.975,7.47,0.10K,-6.50%
8/20/20,8.15,8.325,8.375,8.225,0.58K,-2.45%
8/19/20,8.355,8.815,8.85,8.23,0.05K,-2.28%
8/18/20,8.55,8.225,8.72,8.225,0.15K,4.52%
8/17/20,8.18,8.26,8.51,8.15,0.10K,2.00%
8/14/20,8.02,7.45,8.15,7.38,0.33K,9.71%
8/13/20,7.31,7.4,7.48,7.285,0.14K,1.95%
8/12/20,7.17,7.175,7.175,7,0.20K,-3.30%
8/11/20,7.415,7.495,7.935,7.415,0.21K,-2.31%
8/10/20,7.59,8.28,8.28,7.95,0.07K,-4.29%
8/7/20,7.93,7.55,8.3,7.55,0.11K,-0.13%
8/6/20,7.94,7.75,7.95,7.75,0.05K,8.47%
8/5/20,7.32,7.37,7.405,7.28,0.23K,-0.48%
8/4/20,7.355,7.185,7.425,7.13,0.57K,8.16%
8/3/20,6.8,6.33,7,6.33,0.26K,12.86%
7/31/20,6.025,6,6,6,0.03K,15.31%
7/30/20,5.225,5.19,5.43,5.13,0.17K,0.97%
7/29/20,5.175,5.15,5.22,5.055,1.08K,4.33%
7/28/20,4.96,4.775,4.975,4.775,0.18K,3.66%
7/27/20,4.785,4.95,5.01,4.875,0.22K,-4.49%
7/24/20,5.01,5.025,5.04,4.895,0.13K,0.50%
7/23/20,4.985,4.925,5.125,4.925,0.22K,3.21%
7/22/20,4.83,4.82,4.915,4.725,0.29K,0.84%
7/21/20,4.79,4.9,4.975,4.765,0.52K,1.27%
7/20/20,4.73,4.95,4.98,4.71,0.25K,-7.53%
7/17/20,5.115,5.16,5.165,5.065,0.61K,1.09%
7/16/20,5.06,5.09,5.11,5,0.16K,-3.16%
7/15/20,5.225,5.35,5.395,5.225,0.12K,2.75%
7/14/20,5.085,5.16,5.18,4.99,1.22K,-0.49%
7/13/20,5.11,5.52,5.55,5.09,0.71K,-6.67%
7/10/20,5.475,5.57,5.585,5.425,0.11K,-4.87%
7/9/20,5.755,5.855,5.875,5.76,0.09K,-3.03%
7/8/20,5.935,6.09,6.19,5.86,0.13K,-3.10%
7/7/20,6.125,6.13,6.315,6.13,0.06K,0.49%
7/6/20,6.095,6.145,6.15,6.075,0.14K,2.52%
7/2/20,5.945,5.765,5.95,5.71,0.66K,1.36%
7/1/20,5.865,5.95,6.185,5.8,0.71K,-4.87%
6/30/20,6.165,6.105,6.455,6.025,0.26K,5.57%
6/29/20,5.84,5.4,5.87,5.4,0.51K,14.40%
6/26/20,5.105,5.065,5.23,5.045,0.21K,-2.85%
6/25/20,5.255,5.425,5.435,5.285,0.05K,-7.24%
6/24/20,5.665,5.825,5.845,5.68,0.30K,-2.83%
6/23/20,5.83,5.7,5.85,5.7,0.57K,6.10%
6/22/20,5.495,5.45,5.525,5.39,0.41K,-2.14%
6/19/20,5.615,5.55,5.675,5.55,0.30K,3.03%
6/18/20,5.45,5.425,5.525,5.325,0.67K,4.61%
6/17/20,5.21,5.2,5.275,4.995,0.66K,-0.95%
6/16/20,5.26,5.55,5.55,5.175,0.43K,-4.62%
6/15/20,5.515,5.45,5.575,5.4,0.34K,4.55%
6/12/20,5.275,5.15,5.44,5.15,0.51K,5.71%
6/11/20,4.99,4.775,5.03,4.775,0.38K,3.96%
6/10/20,4.8,4.7,4.85,4.625,0.59K,-0.10%
6/9/20,4.805,5.275,5.275,4.775,0.19K,-8.48%
6/8/20,5.25,5.6,5.775,5.255,0.28K,-8.06%
6/5/20,5.71,5.35,5.85,5.125,0.33K,5.94%
6/4/20,5.39,4.975,5.4,4.975,0.52K,1.13%
6/3/20,5.33,5.15,5.54,4.94,0.45K,9.90%
6/2/20,4.85,4.37,4.95,4.35,0.88K,19.61%
6/1/20,4.055,4.1,4.25,3.95,0.74K,-7.53%
5/29/20,4.385,4.425,4.5,4.4,0.05K,24.93%
5/28/20,3.51,3.7,3.85,3.5,1.57K,-5.01%
5/27/20,3.695,3.8,3.98,3.625,0.17K,-10.42%
5/26/20,4.125,4.35,4.91,4.25,0.41K,6.04%
5/22/20,3.89,3.75,4.06,3.65,0.22K,1.70%
5/21/20,3.825,3.965,4,3.79,0.03K,-14.24%
5/20/20,4.46,4.75,4.76,4.42,0.08K,-3.25%
5/19/20,4.61,4.775,4.825,4.61,0.14K,-6.30%
5/18/20,4.92,5.28,5.385,4.875,0.15K,-5.75%
5/15/20,5.22,5.4,5.425,5.175,0.36K,-0.85%
5/14/20,5.265,5.175,5.285,5.175,0.23K,2.83%
5/13/20,5.12,5.375,5.375,5.1,0.09K,-3.67%
5/12/20,5.315,5.575,5.625,5.28,0.27K,-6.84%
5/11/20,5.705,5.7,5.8,5.66,0.25K,-2.14%
5/8/20,5.83,5.83,5.83,5.83,,-0.26%
5/7/20,5.845,5.84,5.97,5.8,0.48K,1.39%
5/6/20,5.765,5.74,5.8,5.73,0.24K,1.59%
5/5/20,5.675,5.85,5.9,5.635,0.43K,-1.13%
5/4/20,5.74,5.9,5.9,5.705,0.72K,-1.80%
5/1/20,5.845,6.2,6.2,5.735,1.08K,-6.03%
4/30/20,6.22,6.325,6.33,6.2,0.06K,3.41%
4/29/20,6.015,6.015,6.015,6.015,,-2.12%
4/28/20,6.145,5.975,6.2,5.975,0.09K,3.45%
4/27/20,5.94,5.825,6,5.825,0.11K,2.95%
4/24/20,5.77,5.83,5.85,5.8,0.69K,-4.71%
4/23/20,6.055,6.15,6.15,6.04,0.11K,-2.73%
4/22/20,6.225,6.125,6.49,6.125,0.30K,-1.43%
4/21/20,6.315,6.6,6.6,6.305,0.25K,-4.61%
4/20/20,6.62,6.735,6.735,6.735,0.02K,-5.36%
4/17/20,6.995,7.18,7.18,6.96,0.44K,1.30%
4/16/20,6.905,6.98,6.98,6.925,0.04K,3.83%
4/15/20,6.65,6.825,6.85,6.745,0.36K,-3.27%
4/14/20,6.875,7.175,7.175,6.865,0.18K,-5.56%
4/13/20,7.28,7.28,7.28,7.28,,0.00%
4/9/20,7.28,7.475,7.525,7.235,0.21K,0.28%
4/8/20,7.26,7.3,7.4,7.26,0.49K,-0.34%
4/7/20,7.285,7.4,7.5,7.3,0.16K,0.00%
4/6/20,7.285,6.8,7.4,6.8,0.09K,5.27%
4/3/20,6.92,6.825,7.025,6.775,0.44K,-0.22%
4/2/20,6.935,7.275,7.275,6.86,0.41K,1.61%
4/1/20,6.825,6.725,6.85,6.725,1.02K,-1.09%
3/31/20,6.9,7.1,7.175,7.1,0.09K,0.07%
3/30/20,6.895,6.895,6.895,6.895,0.18K,-4.50%
3/27/20,7.22,7.25,7.335,7.17,1.00K,-4.69%
3/26/20,7.575,7.58,7.605,7.58,0.61K,-2.19%
3/25/20,7.745,7.765,7.765,7.765,0.06K,-2.09%
3/24/20,7.91,8.05,8.1,7.86,0.19K,0.76%
3/23/20,7.85,8.02,8.02,7.935,0.15K,-5.36%
3/20/20,8.295,8.295,8.295,8.295,0.08K,-2.93%
3/19/20,8.545,8.425,8.55,8.365,0.37K,3.39%
3/18/20,8.265,8.3,8.32,8.165,0.93K,-2.42%
3/17/20,8.47,8.775,8.775,8.425,0.74K,-3.09%
3/16/20,8.74,8.7,8.77,8.645,0.62K,-5.87%
3/13/20,9.285,9.36,9.635,9.255,0.35K,-0.43%
3/12/20,9.325,9.1,9.39,9.1,0.44K,-0.48%
3/11/20,9.37,8.975,9.38,8.975,0.29K,4.17%
3/10/20,8.995,8.875,9.05,8.84,0.68K,4.29%
3/9/20,8.625,8.275,8.625,8.275,0.41K,-0.23%
3/6/20,8.645,8.775,8.775,8.56,0.44K,-2.32%
3/5/20,8.85,8.9,8.9,8.825,0.91K,-0.67%
3/4/20,8.91,8.975,9.055,8.825,2.14K,-2.84%
3/3/20,9.17,9.02,9.21,9.02,0.45K,3.21%
3/2/20,8.885,9,9.05,8.795,1.62K,0.11%
2/28/20,8.875,8.65,8.95,8.65,0.17K,0.06%
2/27/20,8.87,8.87,8.87,8.87,,-2.21%
2/26/20,9.07,8.875,9.075,8.8,0.35K,0.72%
2/25/20,9.005,9,9,8.925,0.70K,-0.44%
2/24/20,9.045,9.21,9.21,9.125,0.26K,-3.88%
2/21/20,9.41,9.3,9.51,9.3,0.07K,-1.62%
2/20/20,9.565,9.575,9.575,9.375,0.19K,-0.05%
2/19/20,9.57,9.225,9.545,9.225,0.12K,2.03%
2/18/20,9.38,9.2,9.49,9.2,0.21K,5.63%
2/14/20,8.88,8.925,8.925,8.925,0.02K,-0.11%
2/13/20,8.89,8.575,8.8,8.575,0.18K,1.95%
2/12/20,8.72,8.575,8.765,8.575,0.07K,1.93%
2/11/20,8.555,8.5,8.65,8.5,0.14K,-1.04%
2/10/20,8.645,8.775,8.775,8.575,0.14K,-4.69%
2/7/20,9.07,9.22,9.22,8.985,0.06K,-0.87%
2/6/20,9.15,8.925,9.195,8.925,0.20K,-1.77%
2/5/20,9.315,9.435,9.435,9.28,0.09K,-0.53%
2/4/20,9.365,9.285,9.385,9.1,0.34K,1.68%
2/3/20,9.21,9.6,9.6,9.19,0.17K,-5.59%
1/31/20,9.755,9.975,10.01,9.93,0.02K,-0.26%
1/30/20,9.78,10,10,10,0.17K,-3.65%
1/29/20,10.15,10.675,10.675,10.335,0.10K,-5.93%
1/28/20,10.79,10.8,10.8,10.75,0.05K,2.52%
1/27/20,10.525,10.505,10.585,10.475,0.11K,0.67%
1/24/20,10.455,10.63,10.63,10.485,0.15K,0.24%
1/23/20,10.43,10.375,10.45,10.23,0.26K,-0.24%
1/22/20,10.455,10.66,10.66,10.37,0.49K,-2.97%
1/21/20,10.775,10.665,10.945,10.6,0.28K,-1.42%
1/17/20,10.93,11.05,11.05,10.94,0.15K,-1.66%
1/16/20,11.115,11.425,11.425,11.015,0.19K,-0.58%
1/15/20,11.18,11.275,11.3,11.2,0.12K,-1.11%
1/14/20,11.305,12.025,12.025,11.69,0.07K,-6.22%
1/13/20,12.055,12.15,12.15,12.075,0.40K,0.96%
1/10/20,11.94,12.2,12.225,11.95,1.15K,-1.97%
1/9/20,12.18,11.925,12.25,11.925,1.14K,1.80%
1/8/20,11.965,11.835,12.05,11.825,0.64K,0.29%
1/7/20,11.93,11.95,12.15,11.865,0.52K,-2.85%
1/6/20,12.28,12.695,12.7,12.695,0.03K,-5.43%
1/3/20,12.985,12.405,12.75,12.405,0.25K,7.54%
1/2/20,12.075,12.435,12.46,12.135,0.44K,0.21%
12/31/19,12.05,12.05,12.05,12.05,,-1.99%
12/30/19,12.295,12.295,12.295,12.295,,-3.68%
12/27/19,12.765,12.765,12.765,12.765,,1.27%
12/26/19,12.605,12.605,12.605,12.605,,0.00%
12/24/19,12.605,12.61,12.61,12.61,0.02K,-3.22%
12/23/19,13.025,13.21,13.21,13.065,0.06K,-8.50%
12/20/19,14.235,14.075,14.215,14.025,0.09K,-5.13%
12/19/19,15.005,14.4,14.975,14.4,0.45K,0.37%
12/18/19,14.95,14.35,15.01,14.35,1.03K,3.39%
12/17/19,14.46,14.47,14.5,14.46,0.19K,4.10%
12/16/19,13.89,13.95,13.95,13.94,0.14K,0.62%
12/13/19,13.805,14.23,14.32,13.8,0.31K,-6.53%
12/12/19,14.77,14.15,14.75,14.15,0.51K,5.16%
12/11/19,14.045,14.17,14.17,14.015,0.18K,-3.34%
12/10/19,14.53,14.37,14.5,14.31,0.20K,-2.42%
12/9/19,14.89,14.775,14.95,14.74,0.33K,-1.65%
12/6/19,15.14,15.175,15.275,15.1,0.39K,-1.78%
12/5/19,15.415,15.6,15.675,15.575,0.37K,-2.93%
12/4/19,15.88,15.6,15.9,15.6,0.56K,0.70%
12/3/19,15.77,15.675,15.835,15.675,0.35K,-0.25%
12/2/19,15.81,15.955,16,15.8,0.17K,-3.18%
11/29/19,16.33,16.33,16.33,16.33,,2.19%
11/27/19,15.98,15.95,16.1,15.875,0.22K,0.82%
11/26/19,15.85,16,16.045,15.855,0.07K,-2.37%
11/25/19,16.235,16.475,16.475,16.275,0.09K,1.15%
11/22/19,16.05,16,16.15,15.95,0.35K,2.72%
11/21/19,15.625,15.675,15.8,15.65,0.46K,0.22%
11/20/19,15.59,15.3,15.525,15.25,0.11K,1.96%
11/19/19,15.29,15.15,15.4,15.15,0.32K,0.39%
11/18/19,15.23,15.375,15.4,15.175,0.44K,-3.09%
11/15/19,15.715,15.4,15.725,15.4,0.46K,0.29%
11/14/19,15.67,15.45,15.7,15.45,0.75K,1.42%
11/13/19,15.45,15.275,15.475,15.275,0.16K,-0.61%
11/12/19,15.545,15.6,15.6,15.48,0.39K,-1.89%
11/11/19,15.845,15.875,15.925,15.825,0.62K,-0.60%
11/8/19,15.94,16.175,16.2,15.875,0.18K,-1.12%
11/7/19,16.12,16.225,16.3,16.14,0.64K,-0.98%
11/6/19,16.28,16.575,16.575,16.3,0.85K,-3.04%
11/5/19,16.79,16.75,16.905,16.7,1.08K,1.88%
11/4/19,16.48,16.3,16.675,16.15,1.05K,1.89%
11/1/19,16.175,16.35,16.35,16.175,0.52K,0.25%
10/31/19,16.135,16.05,16.175,16.025,0.32K,17.09%
10/30/19,13.78,13.625,13.625,13.625,0.06K,-0.40%
10/29/19,13.835,14.5,14.5,14.4,0.15K,-3.86%
10/28/19,14.39,14.575,14.65,14.45,0.34K,-5.55%
10/25/19,15.235,15.55,15.55,15.4,0.21K,-2.68%
10/24/19,15.655,15.15,15.65,15.15,0.29K,1.56%
10/23/19,15.415,15.3,15.45,15.3,0.11K,-1.15%
10/22/19,15.595,15.75,15.75,15.75,0.03K,-0.10%
10/21/19,15.61,16.21,16.21,15.65,0.04K,-2.22%
10/18/19,15.965,16.245,16.245,15.875,0.36K,-0.37%
10/17/19,16.025,15.825,16.05,15.75,0.39K,-0.31%
10/16/19,16.075,16.225,16.245,16.15,0.08K,0.06%
10/15/19,16.065,16.05,16.05,16.05,0.01K,0.16%
10/14/19,16.04,15.95,15.95,15.95,0.06K,-0.59%
10/11/19,16.135,16.125,16.15,15.825,0.30K,1.80%
10/10/19,15.85,15.825,15.825,15.475,0.49K,1.77%
10/9/19,15.575,15.3,15.925,15.3,1.26K,-0.42%
10/8/19,15.64,15.65,15.7,15.425,0.76K,0.87%
10/7/19,15.505,15.2,15.475,15.2,0.22K,-1.68%
10/4/19,15.77,16.35,16.5,15.75,0.16K,-1.50%
10/3/19,16.01,16,16.225,15.85,0.31K,0.03%
10/2/19,16.005,16.3,16.3,15.925,0.20K,-4.50%
10/1/19,16.76,16.25,16.725,16.185,0.20K,2.26%
9/30/19,16.39,16.68,16.69,16.68,0.02K,37.27%
9/27/19,11.94,11.94,11.94,11.94,,-0.87%
9/26/19,12.045,12.045,12.045,12.045,,0.79%
9/25/19,11.95,11.935,12.05,11.935,0.21K,-3.16%
9/24/19,12.34,12.175,12.6,12.175,0.04K,0.78%
9/23/19,12.245,12.245,12.245,12.245,,-3.66%
9/20/19,12.71,12.575,12.575,12.575,0.05K,3.71%
9/19/19,12.255,12.255,12.255,12.255,0.04K,-1.45%
9/18/19,12.435,12.8,12.8,12.535,0.02K,-7.48%
9/17/19,13.44,14.175,14.175,13.525,0.07K,-12.36%
9/16/19,15.335,15.155,15.155,15.155,0.01K,4.25%
9/13/19,14.71,15.65,15.65,15.645,0.05K,1.69%
9/12/19,14.465,14.545,14.545,14.545,0.05K,0.77%
9/11/19,14.355,14.05,14.495,14.05,0.05K,-0.35%
9/10/19,14.405,12.35,13.8,12.35,0.28K,17.74%
9/9/19,12.235,12.675,12.675,12.3,0.41K,-0.93%
9/6/19,12.35,12.175,12.175,12.1,0.25K,0.94%
9/5/19,12.235,11.8,12,11.8,0.33K,2.30%
9/4/19,11.96,12.15,12.15,12.1,0.08K,-1.16%
9/3/19,12.1,11.95,12.125,11.675,1.00K,-5.43%
8/30/19,12.795,12.795,12.795,12.795,0.01K,19.41%
8/29/19,10.715,10.425,10.64,10.425,0.02K,4.69%
8/28/19,10.235,10.35,10.35,10.225,0.22K,1.64%
8/27/19,10.07,10.15,10.25,10.15,0.08K,-2.38%
8/26/19,10.315,10.315,10.315,10.315,,-2.55%
8/23/19,10.585,10.825,10.825,10.65,0.04K,-3.69%
8/22/19,10.99,11.275,11.375,10.98,0.16K,-3.72%
8/21/19,11.415,11.2,11.7,11.2,0.51K,1.78%
8/20/19,11.215,11.3,11.305,11.225,0.05K,3.99%
8/19/19,10.785,10.8,11.1,10.76,0.22K,-1.55%
8/16/19,10.955,11.175,11.35,10.925,0.11K,-2.41%
8/15/19,11.225,11.15,11.25,11.075,0.13K,0.40%
8/14/19,11.18,11.5,11.6,11.225,0.24K,-5.73%
8/13/19,11.86,11.45,11.75,11.45,0.29K,3.85%
8/12/19,11.42,11.95,12.05,11.38,0.26K,-5.03%
8/9/19,12.025,12.05,12.2,11.795,0.13K,-0.41%
8/8/19,12.075,11.25,12.04,11.2,0.43K,5.83%
8/7/19,11.41,11,11.4,10.9,0.48K,4.20%
8/6/19,10.95,11.175,11.25,10.875,0.86K,-4.49%
8/5/19,11.465,11.975,12.15,11.375,1.09K,-4.58%
8/2/19,12.015,11.96,12.655,11.96,0.07K,-2.79%
8/1/19,12.36,11.675,12.345,11.55,0.39K,12.36%
7/31/19,11,11,11,11,,12.36%
7/30/19,9.79,9.85,9.9,9.725,0.27K,-0.20%
7/29/19,9.81,10.075,10.15,9.75,0.41K,-1.56%
7/26/19,9.965,10,10.125,9.875,0.58K,-0.60%
7/25/19,10.025,10.25,10.275,10.05,0.38K,-0.50%
7/24/19,10.075,10.375,10.475,10.2,0.26K,-6.28%
7/23/19,10.75,10.125,10.4,10.125,0.27K,5.81%
7/22/19,10.16,10.9,10.95,10.375,0.80K,-6.06%
7/19/19,10.815,10.9,10.9,10.9,0.02K,0.75%
7/18/19,10.735,11.075,11.125,10.625,0.94K,-2.32%
7/17/19,10.99,11,11.275,10.825,0.09K,-3.72%
7/16/19,11.415,12.13,12.13,12.13,0.02K,-11.48%
7/15/19,12.895,13.725,13.725,13.41,0.14K,-2.90%
7/12/19,13.28,12.65,13.15,12.65,0.09K,1.14%
7/11/19,13.13,12.725,12.85,12.3,0.09K,8.20%
7/10/19,12.135,11.35,12.125,11.35,0.39K,3.19%
7/9/19,11.76,12.225,12.675,11.85,0.92K,-1.01%
7/8/19,11.88,11.105,12.075,11.105,1.03K,5.93%
7/5/19,11.215,10.575,11.245,10.255,0.17K,8.94%
7/3/19,10.295,10.375,10.375,10.175,0.15K,0.68%
7/2/19,10.225,10.65,10.855,10.25,0.13K,-1.35%
7/1/19,10.365,10.57,10.675,10.25,0.17K,2.47%
6/28/19,10.115,9.75,9.765,9.75,0.04K,7.89%
6/27/19,9.375,9.375,9.375,9.375,,-2.55%
6/26/19,9.62,9.62,9.62,9.62,,-2.29%
6/25/19,9.845,9.875,9.875,9.875,0.01K,-3.48%
6/24/19,10.2,10.2,10.2,10.2,0.01K,-1.50%
6/21/19,10.355,9.8,10.295,9.775,0.07K,2.02%
6/20/19,10.15,10.15,10.15,10.15,,-3.20%
6/19/19,10.485,10.485,10.485,10.485,,-4.98%
6/18/19,11.035,11.4,11.4,11.275,0.05K,-4.62%
6/17/19,11.57,11.355,11.355,11.28,0.03K,2.21%
6/14/19,11.32,11.35,11.35,11.35,0.02K,-0.66%
6/13/19,11.395,11.52,11.63,11.35,0.04K,2.29%
6/12/19,11.14,11.205,11.205,11.205,0.01K,-0.54%
6/11/19,11.2,11.48,11.48,11.48,0.02K,-5.12%
6/10/19,11.805,11.65,11.65,11.65,0.05K,2.47%
6/7/19,11.52,11.245,11.475,11.245,0.05K,3.74%
6/6/19,11.105,11.32,11.32,11.32,0.06K,-4.27%
6/5/19,11.6,11.6,11.6,11.6,0.01K,-2.60%
6/4/19,11.91,11.91,11.91,11.91,,7.30%
6/3/19,11.1,11.1,11.1,11.1,,-0.94%
5/31/19,11.205,11.205,11.205,11.205,0.01K,-2.35%
5/30/19,11.475,11.475,11.475,11.475,,-6.13%
5/29/19,12.225,12.225,12.225,12.225,,-2.36%
5/28/19,12.52,12.52,12.52,12.52,,2.20%
5/24/19,12.25,12.435,12.435,12.415,0.02K,-2.74%
5/23/19,12.595,12.595,12.595,12.595,,-0.43%
5/22/19,12.65,12.885,12.885,12.885,0.01K,-0.43%
5/21/19,12.705,12.6,12.6,12.6,0.01K,-1.55%
5/20/19,12.905,12.905,12.905,12.905,,0.39%
5/17/19,12.855,12.935,12.935,12.935,0.00K,-3.96%
5/16/19,13.385,13.385,13.385,13.385,,-3.39%
5/15/19,13.855,13.855,13.855,13.855,,0.51%
5/14/19,13.785,13.785,13.785,13.785,,0.18%
5/13/19,13.76,13.76,13.76,13.76,,-1.68%
5/10/19,13.995,13.995,13.995,13.995,,-3.18%
5/9/19,14.455,14.455,14.455,14.455,,0.94%
5/8/19,14.32,14.175,14.35,14.15,0.02K,1.17%
5/7/19,14.155,14.325,14.325,14.125,0.04K,-1.26%
5/6/19,14.335,14.335,14.335,14.335,,-1.58%
5/3/19,14.565,14.565,14.565,14.565,,1.39%
5/2/19,14.365,14.365,14.365,14.365,,2.21%
5/1/19,14.055,14.1,14.1,14.05,0.03K,-2.33%
4/30/19,14.39,14.425,14.425,14.425,0.01K,-0.93%
4/29/19,14.525,14.525,14.525,14.525,,0.69%
4/26/19,14.425,14.725,14.775,14.675,0.11K,-0.76%
4/25/19,14.535,14.535,14.535,14.535,,1.89%
4/24/19,14.265,14.425,14.425,14.425,0.01K,-1.07%
4/23/19,14.42,14.105,14.5,14.105,0.04K,-0.28%
4/22/19,14.46,14.46,14.46,14.46,,0.00%
4/18/19,14.46,15,15,15,0.01K,-4.84%
4/17/19,15.195,15.195,15.195,15.195,,2.43%
4/16/19,14.835,14.85,14.85,14.85,0.01K,-1.17%
4/15/19,15.01,15.64,15.64,15.285,0.03K,-5.33%
4/12/19,15.855,15.895,15.9,15.8,0.03K,-0.88%
4/11/19,15.995,15.55,15.9,15.55,0.04K,1.68%
4/10/19,15.73,15.73,15.73,15.73,0.01K,-6.12%
4/9/19,16.755,16.755,16.755,16.755,,4.95%
4/8/19,15.965,16.575,16.95,16.2,0.04K,-4.03%
4/5/19,16.635,16.635,16.635,16.635,0.01K,12.36%
4/4/19,14.805,14.6,14.6,14.6,0.02K,4.33%
4/3/19,14.19,13.7,13.7,13.7,0.02K,5.46%
4/2/19,13.455,13.455,13.455,13.455,0.01K,-2.82%
4/1/19,13.845,13.845,13.845,13.845,,-2.60%
3/29/19,14.215,14.225,14.225,14.225,0.01K,-1.49%
3/28/19,14.43,14.8,14.875,14.8,0.71K,-3.77%
3/27/19,14.995,14.5,14.675,14.5,0.09K,4.24%
3/26/19,14.385,14.2,14.415,14.2,0.13K,1.41%
3/25/19,14.185,14.185,14.185,14.175,0.02K,-1.87%
3/22/19,14.455,14.425,14.455,14.355,0.04K,-0.76%
3/21/19,14.565,14.92,14.92,14.55,0.09K,-4.27%
3/20/19,15.215,15.075,15.075,15.075,0.02K,1.40%
3/19/19,15.005,15.2,15.25,14.975,0.13K,0.17%
3/18/19,14.98,14.9,15.175,14.9,0.97K,-1.77%
3/15/19,15.25,15.485,15.485,15.275,0.08K,-2.27%
3/14/19,15.605,15.825,15.825,15.6,0.19K,-0.76%
3/13/19,15.725,15.725,15.725,15.725,0.01K,-2.99%
3/12/19,16.21,16.425,16.525,16.05,0.78K,-2.50%
3/11/19,16.625,16.7,16.7,16.59,0.07K,-0.63%
3/8/19,16.73,16.85,16.85,16.72,0.39K,-0.83%
3/7/19,16.87,16.95,16.95,16.75,0.15K,0.12%
3/6/19,16.85,17.025,17.05,17,0.11K,-1.92%
3/5/19,17.18,17.475,17.475,17.175,0.36K,-1.26%
3/4/19,17.4,17.375,17.5,17.375,0.07K,0.46%
3/1/19,17.32,17.32,17.32,17.32,,-2.78%
2/28/19,17.815,17.815,17.815,17.815,0.04K,1.14%
2/27/19,17.615,17.325,17.635,17.325,0.05K,3.34%
2/26/19,17.045,17.045,17.045,17.045,,0.59%
2/25/19,16.945,17,17,17,0.01K,-1.65%
2/22/19,17.23,17.23,17.23,17.23,,-1.66%
2/21/19,17.52,17.52,17.52,17.52,,-3.44%
2/20/19,18.145,18.145,18.145,18.145,,2.49%
2/19/19,17.705,17.75,17.83,17.75,0.01K,-2.18%
2/15/19,18.1,18.1,18.1,18.1,,1.94%
2/14/19,17.755,18.165,18.165,17.81,0.03K,-1.47%
2/13/19,18.02,17.8,17.875,17.8,0.10K,1.32%
2/12/19,17.785,18,18,17.875,0.07K,-1.50%
2/11/19,18.055,17.825,18.125,17.75,0.42K,-1.15%
2/8/19,18.265,18.515,18.515,18.265,0.01K,-3.41%
2/7/19,18.91,19.185,19.185,18.86,0.06K,-0.03%
2/6/19,18.915,19.075,19.15,18.95,0.12K,-1.18%
2/5/19,19.14,19.14,19.14,19.14,,-1.11%
2/4/19,19.355,19.355,19.355,19.355,,0.28%
2/1/19,19.3,19.3,19.3,19.3,,-2.77%
1/31/19,19.85,19.665,19.665,19.665,0.01K,-1.64%
1/30/19,20.18,20.18,20.18,20.18,,-1.97%
1/29/19,20.585,20.6,20.6,20.6,0.02K,0.17%
1/28/19,20.55,20.52,20.52,20.5,0.01K,-1.63%
1/25/19,20.89,20.735,20.895,20.69,0.03K,-1.83%
1/24/19,21.28,21.72,21.815,21.36,0.08K,-4.10%
1/23/19,22.19,22.225,22.3,22.13,0.05K,1.72%
1/22/19,21.815,21.805,21.885,21.605,0.13K,-3.49%
1/18/19,22.605,22.84,23.015,22.525,0.09K,-1.70%
1/17/19,22.995,22.64,23.135,22.64,0.03K,4.50%
1/16/19,22.005,22.3,22.3,22.095,0.02K,0.02%
1/15/19,22,22.035,22.035,21.945,0.02K,1.50%
1/14/19,21.675,21.91,21.91,21.685,0.05K,-2.61%
1/11/19,22.255,22.39,22.39,22.085,0.08K,2.68%
1/10/19,21.675,21.705,21.705,21.705,0.01K,-0.21%
1/9/19,21.72,22.515,22.515,21.745,0.02K,-1.67%
1/8/19,22.09,22.165,22.165,22.165,0.01K,2.60%
1/7/19,21.53,21.91,21.91,21.47,0.04K,-6.11%
1/4/19,22.93,22.845,22.955,22.81,0.04K,3.03%
1/3/19,22.255,22.215,22.215,22.115,0.01K,-0.98%
1/2/19,22.475,22.28,22.55,22.145,0.02K,2.25%
12/31/18,21.98,22.26,22.26,22.18,0.01K,-3.64%
12/28/18,22.81,22.81,22.81,22.81,,-2.19%
12/27/18,23.32,23.32,23.32,23.32,0.03K,-3.82%
12/26/18,24.245,24.245,24.245,24.245,,0.00%
12/24/18,24.245,24.735,24.76,24.275,0.06K,-2.63%
12/21/18,24.9,24.65,24.745,24.65,0.06K,1.20%
12/20/18,24.605,24.605,24.605,24.605,0.05K,1.63%
12/19/18,24.21,24.21,24.21,24.21,0.03K,2.02%
12/18/18,23.73,24.035,24.035,23.725,0.07K,-3.85%
12/17/18,24.68,24.65,24.65,24.65,0.03K,0.14%
12/14/18,24.645,24.665,24.79,24.66,0.03K,1.73%
12/13/18,24.225,24.375,24.375,24.375,0.02K,1.28%
12/12/18,23.92,24.05,24.19,24.05,0.03K,1.27%
12/11/18,23.62,23.545,23.63,23.545,0.05K,1.59%
12/10/18,23.25,23.265,23.3,23.265,0.03K,0.45%
12/7/18,23.145,22.84,23.175,22.84,0.06K,-0.09%
12/6/18,23.165,23.305,23.395,23.135,0.05K,-2.75%
12/5/18,23.82,24.11,24.11,24.11,0.09K,-2.44%
12/4/18,24.415,24.395,24.395,24.375,0.04K,-2.67%
12/3/18,25.085,25.085,25.085,25.085,0.04K,1.60%
11/30/18,24.69,24.69,24.69,24.69,0.01K,0.22%
11/29/18,24.635,24.635,24.635,24.635,,1.38%
11/28/18,24.3,24.4,24.4,24.4,0.02K,-3.42%
11/27/18,25.16,24.795,24.995,24.79,0.03K,2.51%
11/26/18,24.545,24.27,24.55,24.115,0.04K,-1.11%
11/23/18,24.82,24.035,25.17,24.035,0.06K,1.31%
11/21/18,24.5,24.195,24.42,24.195,0.02K,0.62%
11/20/18,24.35,24.43,24.5,24.265,0.06K,0.83%
11/19/18,24.15,24.31,24.39,24.31,0.01K,-6.95%
11/16/18,25.955,26.725,26.725,25.65,0.06K,-2.70%
11/15/18,26.675,26.15,26.72,26.15,0.06K,1.50%
11/14/18,26.28,26.26,26.475,26.26,0.03K,-0.90%
11/13/18,26.52,26.235,26.58,26.235,0.09K,2.18%
11/12/18,25.955,25.625,25.905,25.625,0.05K,6.70%
11/9/18,24.325,24.76,24.76,24.545,0.02K,-0.43%
11/8/18,24.43,24.63,24.63,24.63,0.01K,0.04%
11/7/18,24.42,24.33,24.445,24.33,0.02K,2.20%
11/6/18,23.895,23.625,23.77,23.625,0.02K,0.36%
11/5/18,23.81,23.81,23.81,23.81,,-1.96%
11/2/18,24.285,23.905,23.97,23.905,0.01K,2.68%
11/1/18,23.65,23.975,23.975,23.975,0.01K,-2.81%
10/31/18,24.335,24.335,24.335,24.335,,1.93%
10/30/18,23.875,23.875,23.875,23.875,,-2.87%
10/29/18,24.58,24.58,24.58,24.58,,1.24%
10/26/18,24.28,24.28,24.28,24.28,,-2.35%
10/25/18,24.865,24.865,24.865,24.865,,-1.56%
10/24/18,25.26,25.26,25.26,25.26,,-1.58%
10/23/18,25.665,25.665,25.665,25.665,,-1.72%
10/22/18,26.115,26.115,26.115,26.115,,-2.77%
10/19/18,26.86,26.86,26.86,26.86,,3.21%
10/18/18,26.025,26.025,26.025,26.025,,0.33%
10/17/18,25.94,25.625,25.625,25.625,0.00K,-1.48%
10/16/18,26.33,26.33,26.33,26.33,0.01K,-1.11%
10/15/18,26.625,27.05,27.05,27.05,0.01K,-0.02%
10/12/18,26.63,26.63,26.63,26.63,,3.38%
10/11/18,25.76,25.925,25.925,25.925,0.01K,-1.75%
10/10/18,26.22,26.625,26.625,26.625,0.02K,-2.29%
10/9/18,26.835,26.835,26.835,26.835,,-1.41%
10/8/18,27.22,27.22,27.22,27.22,,-2.44%
10/5/18,27.9,27.9,27.9,27.9,,1.57%
10/4/18,27.47,27.47,27.47,27.47,,1.31%
10/3/18,27.115,27.115,27.115,27.115,,-0.51%
10/2/18,27.255,27.86,27.86,27.425,0.01K,-0.69%
10/1/18,27.445,26.735,27.355,26.585,0.07K,0.42%
9/28/18,27.33,27.9,27.9,27.445,0.07K,-0.89%
9/27/18,27.575,27.575,27.575,27.575,,-2.42%
9/26/18,28.26,28.26,28.26,28.26,,-3.32%
9/25/18,29.23,29.355,29.535,28.815,0.06K,-0.05%
9/24/18,29.245,29.49,29.56,29.3,0.08K,1.81%
9/21/18,28.725,28.105,28.79,28.055,0.09K,0.47%
9/20/18,28.59,28.83,29.07,28.595,0.10K,0.95%
9/19/18,28.32,27.735,28.38,27.735,0.03K,3.32%
9/18/18,27.41,27.585,27.585,27.275,0.07K,-2.37%
9/17/18,28.075,28.195,28.195,27.815,0.09K,4.25%
9/14/18,26.93,27.025,27.11,26.785,0.09K,0.45%
9/13/18,26.81,27.335,27.375,26.655,0.09K,-2.49%
9/12/18,27.495,27.64,28.145,27.46,0.07K,-4.46%
9/11/18,28.78,28.27,28.65,28.25,0.02K,-1.18%
9/10/18,29.125,28.59,28.775,28.54,0.03K,4.06%
9/7/18,27.99,28.025,28.025,28.025,0.01K,1.95%
9/6/18,27.455,27.42,27.42,27.41,0.01K,1.61%
9/5/18,27.02,27.02,27.02,27.02,,1.16%
9/4/18,26.71,26.965,26.965,26.665,0.05K,3.39%
8/31/18,25.835,26.025,26.025,26.025,0.01K,-1.13%
8/30/18,26.13,26.13,26.13,26.13,,1.01%
8/29/18,25.87,25.87,25.87,25.87,,2.01%
8/28/18,25.36,25.5,25.5,25.5,0.01K,-0.20%
8/27/18,25.41,25.41,25.41,25.41,,1.74%
8/24/18,24.975,24.875,24.895,24.875,0.01K,0.87%
8/23/18,24.76,24.825,24.825,24.71,0.01K,1.27%
8/22/18,24.45,24.725,24.725,24.41,0.02K,0.18%
8/21/18,24.405,24.405,24.405,24.405,,0.93%
8/20/18,24.18,23.915,24.18,23.82,0.02K,0.10%
8/17/18,24.155,24.16,24.185,24.16,0.01K,1.34%
8/16/18,23.835,23.88,23.88,23.85,0.05K,1.34%
8/15/18,23.52,23.525,23.525,23.47,0.02K,-0.86%
8/14/18,23.725,23.78,23.78,23.78,0.01K,0.96%
8/13/18,23.5,23.5,23.5,23.5,,2.71%
8/10/18,22.88,22.625,22.625,22.595,0.02K,0.73%
8/9/18,22.715,22.775,22.8,22.775,0.01K,0.51%
8/8/18,22.6,22.675,22.675,22.65,0.02K,-0.04%
8/7/18,22.61,22.8,22.8,22.775,0.01K,0.49%
8/6/18,22.5,22.5,22.5,22.5,,1.08%
8/3/18,22.26,22.26,22.26,22.26,,1.48%
8/2/18,21.935,22,22,22,0.01K,0.02%
8/1/18,21.93,21.93,21.93,21.93,,-0.84%
7/31/18,22.115,22.115,22.115,22.115,0.01K,0.25%
7/30/18,22.06,22.06,22.06,22.06,,0.78%
7/27/18,21.89,21.89,21.89,21.89,,-1.02%
7/26/18,22.115,22.115,22.115,22.115,,-0.25%
7/25/18,22.17,22.17,22.17,22.17,,0.34%
7/24/18,22.095,22.095,22.095,22.095,,0.30%
7/23/18,22.03,22.03,22.03,22.03,,0.71%
7/20/18,21.875,21.875,21.875,21.875,,-1.26%
7/19/18,22.155,22.3,22.3,22.3,0.01K,0.07%
7/18/18,22.14,22.14,22.14,22.14,,1.33%
7/17/18,21.85,21.85,21.85,21.85,,-0.77%
7/16/18,22.02,22.02,22.02,22.02,,-1.10%
7/13/18,22.265,22.265,22.265,22.265,,1.34%
7/12/18,21.97,21.97,21.97,21.97,,-2.70%
7/11/18,22.58,22.58,22.58,22.58,,-0.66%
7/10/18,22.73,22.73,22.73,22.73,,0.00%
7/9/18,22.73,22.73,22.73,22.73,,1.68%
7/6/18,22.355,22.355,22.355,22.355,,-0.49%
7/5/18,22.465,22.465,22.465,22.465,,0.92%
7/3/18,22.26,22.26,22.26,22.26,,0.09%
7/2/18,22.24,22.24,22.24,22.24,,1.67%
6/29/18,21.875,21.875,21.875,21.875,,-0.39%
6/28/18,21.96,21.96,21.96,21.96,,-0.34%
6/27/18,22.035,22.035,22.035,22.035,,2.51%
6/26/18,21.495,21.495,21.495,21.495,0.02K,-0.23%
6/25/18,21.545,21.63,21.63,21.63,0.01K,-0.51%
6/22/18,21.655,21.655,21.655,21.655,0.01K,0.51%
6/21/18,21.545,21.545,21.545,21.545,,0.21%
6/20/18,21.5,21.5,21.5,21.5,0.00K,-0.90%
6/19/18,21.695,21.695,21.695,21.695,0.00K,-2.01%
6/18/18,22.14,22.14,22.14,22.14,,1.79%
6/15/18,21.75,21.75,21.75,21.75,,-2.71%
6/14/18,22.355,22.355,22.355,22.355,,-0.11%
6/13/18,22.38,22.38,22.38,22.38,,2.73%
6/12/18,21.785,21.785,21.785,21.785,,2.04%
6/11/18,21.35,21.35,21.35,21.35,,-0.88%
6/8/18,21.54,21.54,21.54,21.54,,-0.58%
6/7/18,21.665,21.665,21.665,21.665,,1.62%
6/6/18,21.32,21.32,21.32,21.32,,-0.51%
6/5/18,21.43,21.43,21.43,21.43,,-2.17%
6/4/18,21.905,21.905,21.905,21.905,,0.60%
6/1/18,21.775,21.775,21.775,21.775,,-3.57%
5/31/18,22.58,22.58,22.58,22.58,,-1.76%
5/30/18,22.985,22.985,22.985,22.985,,1.46%
5/29/18,22.655,22.655,22.655,22.655,,3.90%
5/25/18,21.805,22.26,22.26,22.13,0.02K,-3.92%
5/24/18,22.695,22.695,22.695,22.695,,-0.09%
5/23/18,22.715,22.715,22.715,22.715,,-0.83%
5/22/18,22.905,22.905,22.905,22.905,,2.37%
5/21/18,22.375,22.375,22.375,22.375,,1.45%
5/18/18,22.055,22.055,22.055,22.055,,-1.10%
5/17/18,22.3,22.3,22.3,22.3,,2.91%
5/16/18,21.67,21.395,21.395,21.395,0.01K,0.60%
5/15/18,21.54,21.54,21.54,21.54,0.03K,-0.39%
5/14/18,21.625,21.625,21.625,21.625,,1.69%
5/11/18,21.265,21.265,21.265,21.265,0.01K,1.24%
5/10/18,21.005,21.005,21.005,21.005,,0.77%
5/9/18,20.845,21.135,21.135,20.84,0.02K,1.19%
5/8/18,20.6,20.6,20.6,20.6,,0.88%
5/7/18,20.42,20.42,20.42,20.42,,0.00%
5/4/18,20.42,20.42,20.42,20.42,,2.36%
5/3/18,19.95,19.95,19.95,19.95,,0.43%
5/2/18,19.865,19.865,19.865,19.865,,-1.14%
5/1/18,20.095,20.095,20.095,20.095,,-2.26%
4/30/18,20.56,20.56,20.56,20.56,,1.46%
4/27/18,20.265,20.265,20.265,20.265,,0.57%
4/26/18,20.15,20.15,20.15,20.15,,1.36%
4/25/18,19.88,19.55,19.56,19.55,0.02K,1.04%
4/24/18,19.675,19.635,19.635,19.625,0.02K,-1.08%
4/23/18,19.89,19.89,19.89,19.89,,0.45%
4/20/18,19.8,19.835,19.835,19.835,0.01K,-0.30%
4/19/18,19.86,19.52,19.52,19.52,0.02K,2.85%
4/18/18,19.31,19.31,19.31,19.31,,1.55%
4/17/18,19.015,19.015,19.015,19.015,,-1.73%
4/16/18,19.35,19.35,19.35,19.35,,-1.12%
4/13/18,19.57,19.57,19.57,19.57,,1.85%
4/12/18,19.215,19.215,19.215,19.215,,-0.21%
4/11/18,19.255,19.255,19.255,19.255,,2.20%
4/10/18,18.84,18.84,18.84,18.84,,1.05%
4/9/18,18.645,18.645,18.645,18.645,,2.56%
4/6/18,18.18,18.18,18.18,18.18,,0.28%
4/5/18,18.13,18.13,18.13,18.13,,-0.30%
4/4/18,18.185,18.185,18.185,18.185,,0.80%
4/3/18,18.04,18.04,18.04,18.04,,-1.02%
4/2/18,18.225,18.225,18.225,18.225,,0.00%
3/29/18,18.225,18.225,18.225,18.225,,-0.79%
3/28/18,18.37,18.37,18.37,18.37,,-0.68%
3/27/18,18.495,18.495,18.495,18.495,,2.81%
3/26/18,17.99,17.99,17.99,17.99,,-2.47%
3/23/18,18.445,18.445,18.445,18.445,,-2.97%
3/22/18,19.01,19.01,19.01,19.01,,-1.96%
3/21/18,19.39,19.39,19.39,19.39,0.01K,1.12%
3/20/18,19.175,19.175,19.175,19.175,,2.54%
3/19/18,18.7,18.7,18.7,18.7,,0.24%
3/16/18,18.655,18.655,18.655,18.655,0.03K,-0.77%
3/15/18,18.8,18.8,18.8,18.8,0.01K,0.99%
3/14/18,18.615,18.615,18.615,18.615,,-4.37%
3/13/18,19.465,19.465,19.465,19.465,,-1.24%
3/12/18,19.71,19.71,19.71,19.71,0.05K,4.07%
3/9/18,18.94,18.94,18.94,18.94,0.04K,3.41%
3/8/18,18.315,18.315,18.315,18.315,,2.72%
3/7/18,17.83,17.83,17.83,17.83,,0.73%
3/6/18,17.7,17.7,17.7,17.7,,1.06%
3/5/18,17.515,17.515,17.515,17.515,,-1.63%
3/2/18,17.805,17.805,17.805,17.805,,1.40%
3/1/18,17.56,17.56,17.56,17.56,0.05K,1.21%
2/28/18,17.35,17.35,17.35,17.35,,-9.61%
2/27/18,19.195,19.195,19.195,19.195,,2.70%
2/26/18,18.69,18.69,18.69,18.69,,-8.43%
2/23/18,20.41,20.41,20.41,20.41,,2.36%
2/22/18,19.94,19.94,19.94,19.94,,0.81%
2/21/18,19.78,19.78,19.78,19.78,,0.05%
2/20/18,19.77,19.77,19.77,19.77,,8.84%
2/16/18,18.165,18.165,18.165,18.165,,2.11%
2/15/18,17.79,17.79,17.79,17.79,,-1.58%
2/14/18,18.075,18.075,18.075,18.075,,-1.26%
2/13/18,18.305,18.305,18.305,18.305,,1.98%
2/12/18,17.95,17.95,17.95,17.95,,0.28%
2/9/18,17.9,17.9,17.9,17.9,,0.90%
2/8/18,17.74,17.74,17.74,17.74,,-2.29%
2/7/18,18.155,18.155,18.155,18.155,,1.54%
2/6/18,17.88,17.88,17.88,17.88,,1.65%
2/5/18,17.59,17.59,17.59,17.59,,-3.14%
2/2/18,18.16,18.16,18.16,18.16,,0.06%
2/1/18,18.15,18.15,18.15,18.15,,1.51%
1/31/18,17.88,17.88,17.88,17.88,,2.70%
1/30/18,17.41,17.41,17.41,17.41,,0.09%
1/29/18,17.395,17.395,17.395,17.395,,-2.17%
1/26/18,17.78,17.78,17.78,17.78,,0.00%
1/25/18,17.78,17.78,17.78,17.78,,-0.06%
1/24/18,17.79,17.79,17.79,17.79,,-2.25%
1/23/18,18.2,18.2,18.2,18.2,,-1.86%
1/22/18,18.545,18.545,18.545,18.545,,1.95%
1/19/18,18.19,18.19,18.19,18.19,,-0.87%
1/18/18,18.35,18.35,18.35,18.35,,-0.49%
1/17/18,18.44,18.44,18.44,18.44,,-2.43%
1/16/18,18.9,18.9,18.9,18.9,,-4.57%
1/12/18,19.805,19.805,19.805,19.805,,2.51%
1/11/18,19.32,19.32,19.32,19.32,,-0.03%
1/10/18,19.325,19.325,19.325,19.325,,-0.57%
1/9/18,19.435,19.435,19.435,19.435,,2.02%
1/8/18,19.05,19.05,19.05,19.05,,0.71%
1/5/18,18.915,18.915,18.915,18.915,,-1.48%
1/4/18,19.2,19.2,19.2,19.2,,-0.65%
1/3/18,19.325,19.325,19.325,19.325,,0.03%
1/2/18,19.32,19.32,19.32,19.32,,-1.53%
12/29/17,19.62,19.62,19.62,19.62,,-0.43%
12/28/17,19.705,19.705,19.705,19.705,,2.68%
12/27/17,19.19,19.19,19.19,19.19,,-2.42%
12/26/17,19.665,19.665,19.665,19.665,,0.00%
12/22/17,19.665,19.665,19.665,19.665,,-1.67%
12/21/17,20,20,20,20,,-1.45%
12/20/17,20.295,20.295,20.295,20.295,,1.73%
12/19/17,19.95,19.95,19.95,19.95,,-2.49%
12/18/17,20.46,20.46,20.46,20.46,,-2.62%
12/15/17,21.01,21.01,21.01,21.01,,-0.07%
12/14/17,21.025,21.025,21.025,21.025,,1.69%
12/13/17,20.675,20.675,20.675,20.675,,-4.86%
12/12/17,21.73,21.73,21.73,21.73,,2.82%
12/11/17,21.135,21.135,21.135,21.135,,1.17%
12/8/17,20.89,20.89,20.89,20.89,,-1.76%
12/7/17,21.265,21.265,21.265,21.265,,0.47%
12/6/17,21.165,21.165,21.165,21.165,,-1.12%
12/5/17,21.405,21.405,21.405,21.405,,0.14%
12/4/17,21.375,21.375,21.375,21.375,,2.81%
12/1/17,20.79,20.79,20.79,20.79,,2.39%
11/30/17,20.305,20.305,20.305,20.305,,-0.22%
11/29/17,20.35,20.35,20.35,20.35,,0.35%
11/28/17,20.28,20.28,20.28,20.28,,-1.93%
11/27/17,20.68,20.68,20.68,20.68,,1.10%
11/24/17,20.455,20.455,20.455,20.455,,3.83%
11/22/17,19.7,19.7,19.7,19.7,,-0.71%
11/21/17,19.84,19.84,19.84,19.84,,1.74%
11/20/17,19.5,19.5,19.5,19.5,,2.90%
11/17/17,18.95,18.95,18.95,18.95,,-1.30%
11/16/17,19.2,19.2,19.2,19.2,,0.97%
11/15/17,19.015,19.015,19.015,19.015,,-1.66%
11/14/17,19.335,19.335,19.335,19.335,,-2.86%
11/13/17,19.905,19.905,19.905,19.905,,0.43%
11/10/17,19.82,19.82,19.82,19.82,,1.56%
11/9/17,19.515,19.515,19.515,19.515,,0.70%
11/8/17,19.38,19.38,19.38,19.38,,0.28%
11/7/17,19.325,19.325,19.325,19.325,,1.66%
11/6/17,19.01,19.01,19.01,19.01,,3.82%
11/3/17,18.31,18.31,18.31,18.31,,-1.45%
11/2/17,18.58,18.58,18.58,18.58,,0.16%
11/1/17,18.55,18.55,18.55,18.55,,1.45%
10/31/17,18.285,18.285,18.285,18.285,,0.97%
10/30/17,18.11,18.11,18.11,18.11,,-0.22%
10/27/17,18.15,18.15,18.15,18.15,,0.44%
10/26/17,18.07,18.07,18.07,18.07,,-0.22%
10/25/17,18.11,18.11,18.11,18.11,,0.84%
10/24/17,17.96,17.96,17.96,17.96,,-0.72%
10/23/17,18.09,18.09,18.09,18.09,,-78.97%
10/22/17,,,,,,
10/20/17,16.35,,,,,
10/19/17,16.45,,,,,
10/18/17,16.825,,,,,
10/17/17,16.85,,,,,
10/16/17,16.15,,,,,
10/15/17,,,,,,
10/13/17,16.55,,,,,
10/12/17,16.975,,,,,
10/11/17,17.175,,,,,
10/10/17,17.63,,,,,
10/9/17,17.9,,,,,
10/8/17,,,,,,
10/7/17,,,,,,
10/6/17,17.725,,,,,
10/5/17,17.9,,,,,
10/4/17,17.475,,,,,
10/3/17,17.4,,,,,
10/2/17,16.53,,,,,
10/1/17,,,,,,
9/29/17,16.4,,,,,
9/28/17,17.675,,,,,
9/27/17,17.5,,,,,
9/26/17,17.7,,,,,
9/25/17,17.75,,,,,
9/22/17,17.225,,,,,
9/21/17,17.225,,,,,
9/20/17,17.5,,,,,
9/19/17,17.575,,,,,
9/18/17,18,,,,,
9/17/17,,,,,,
9/15/17,17.8,,,,,
9/14/17,17.98,,,,,
9/13/17,17.68,,,,,
9/12/17,17.2,,,,,
9/11/17,17.225,,,,,
9/10/17,,,,,,
9/8/17,17.05,,,,,
9/7/17,16.675,,,,,
9/6/17,17,,,,,
9/5/17,16.95,,,,,
9/4/17,16.525,,,,,
9/3/17,,,,,,
9/1/17,16.475,,,,,
8/31/17,16.325,,,,,
8/30/17,16.75,,,,,
8/29/17,16.45,,,,,
8/28/17,,,,,,
8/25/17,16.6,,,,,
8/24/17,16.3,,,,,
8/23/17,16.7,,,,,
8/22/17,16.25,,,,,
8/21/17,16.3,,,,,
8/20/17,,,,,,
8/18/17,16.4,,,,,
8/17/17,16.1,,,,,
8/16/17,16.2,,,,,
8/15/17,15.8,,,,,
8/14/17,15.83,,,,,
8/11/17,16.2,,,,,
8/10/17,16.15,,,,,
8/9/17,15.9,,,,,
8/8/17,15.475,,,,,
8/7/17,15.55,,,,,
8/4/17,15.175,,,,,
8/3/17,15.13,,,,,
8/2/17,14.925,,,,,
8/1/17,14.75,,,,,
7/31/17,15.05,,,,,
7/30/17,,,,,,
7/28/17,14.975,,,,,
7/27/17,15.15,,,,,
7/26/17,15.4,,,,,
7/25/17,15.1,,,,,
7/24/17,14.95,,,,,
7/23/17,,,,,,
7/21/17,15.075,,,,,
7/20/17,15.225,,,,,
7/19/17,15.03,,,,,
7/18/17,14.975,,,,,
7/17/17,14.9,,,,,
7/16/17,,,,,,
7/14/17,15,,,,,
7/13/17,15.05,,,,,
7/12/17,14.75,,,,,
7/11/17,14.7,,,,,
7/10/17,15.03,,,,,
7/9/17,,,,,,
7/7/17,15.025,,,,,
7/6/17,15.125,,,,,
7/5/17,15.4,,,,,
7/4/17,15.35,,,,,
7/3/17,15.8,,,,,
7/2/17,,,,,,
6/30/17,15.375,,,,,
6/29/17,14.98,,,,,
6/28/17,15.425,,,,,
6/27/17,15.325,,,,,
6/26/17,15.4,,,,,
6/23/17,15.075,,,,,
6/22/17,15.23,,,,,
6/21/17,15.375,,,,,
6/20/17,15.38,,,,,
6/19/17,15.375,,,,,
6/18/17,,,,,,
6/16/17,15.2,,,,,
6/15/17,14.7,,,,,
6/14/17,15.1,,,,,
6/13/17,15.15,,,,,
6/12/17,15.13,,,,,
6/11/17,,,,,,
6/9/17,15.075,,,,,
6/8/17,15.08,,,,,
6/7/17,14.975,,,,,
6/6/17,14.85,,,,,
6/5/17,15.05,,,,,
6/4/17,,,,,,
6/2/17,14.65,,,,,
6/1/17,15.075,,,,,
5/31/17,15.3,,,,,
5/30/17,15.58,,,,,
5/29/17,,,,,,
5/27/17,,,,,,
5/26/17,15.1,,,,,
5/25/17,15,,,,,
5/24/17,15.2,,,,,
5/23/17,15.55,,,,,
5/22/17,15.25,,,,,
5/21/17,,,,,,
5/19/17,15.3,,,,,
5/18/17,15.6,,,,,
5/17/17,15.5,,,,,
5/16/17,15.575,,,,,
5/15/17,15.475,,,,,
5/14/17,,,,,,
5/13/17,,,,,,
5/12/17,15.58,,,,,
5/11/17,15.3,,,,,
5/10/17,15.825,,,,,
5/9/17,15.85,,,,,
5/8/17,15.825,,,,,
5/5/17,16,,,,,
5/4/17,16.1,,,,,
5/3/17,16.6,,,,,
5/2/17,16.7,,,,,
5/1/17,,,,,,
4/29/17,,,,,,
4/28/17,16.55,,,,,
4/27/17,16.15,,,,,
4/26/17,16.4,,,,,
4/25/17,16.08,,,,,
4/24/17,16.25,,,,,
4/23/17,,,,,,
4/22/17,,,,,,
4/21/17,16.58,,,,,
4/20/17,16.1,,,,,
4/19/17,16.2,,,,,
4/18/17,16.4,,,,,
4/17/17,,,,,,
4/14/17,,,,,,
4/13/17,15.7,,,,,
4/12/17,15.725,,,,,
4/11/17,15.65,,,,,
4/10/17,15.6,,,,,
4/9/17,,,,,,
4/7/17,15.6,,,,,
4/6/17,15.975,,,,,
4/5/17,16.3,,,,,
4/4/17,16.05,,,,,
4/3/17,16.1,,,,,
4/2/17,,,,,,
3/31/17,15.325,,,,,
3/30/17,15.68,,,,,
3/29/17,15.075,,,,,
3/28/17,14.6,,,,,
3/27/17,14.725,,,,,
3/26/17,,,,,,
3/24/17,14.9,,,,,
3/23/17,15.15,,,,,
3/22/17,15.45,,,,,
3/21/17,15.55,,,,,
3/20/17,15.4,,,,,
3/19/17,,,,,,
3/17/17,15.7,,,,,
3/16/17,15.73,,,,,
3/15/17,15.775,,,,,
3/14/17,15.95,,,,,
3/13/17,15.85,,,,,
3/10/17,16,,,,,
3/9/17,16.05,,,,,
3/8/17,16.45,,,,,
3/7/17,16.4,,,,,
3/6/17,16.775,,,,,
3/3/17,16.7,,,,,
3/2/17,17.025,,,,,
3/1/17,17.15,,,,,
2/28/17,17.1,,,,,
2/27/17,17.2,,,,,
2/26/17,,,,,,
2/24/17,17.55,,,,,
2/23/17,18.45,,,,,
2/22/17,17.8,,,,,
2/21/17,17.775,,,,,
2/20/17,18.15,,,,,
2/17/17,18.225,,,,,
2/16/17,18.9,,,,,
2/15/17,18.8,,,,,
2/14/17,18.6,,,,,
2/13/17,19.025,,,,,
2/10/17,20.1,,,,,
2/9/17,20.6,,,,,
2/8/17,20.55,,,,,
2/7/17,21.875,,,,,
2/6/17,23,,,,,
2/5/17,,,,,,
2/3/17,23,,,,,
2/2/17,22,,,,,
2/1/17,22.325,,,,,
1/31/17,21.2,,,,,
1/30/17,20.7,,,,,
1/29/17,,,,,,
1/27/17,19.7,,,,,
1/26/17,20.25,,,,,
1/25/17,20.65,,,,,
1/24/17,21.825,,,,,
1/23/17,22.2,,,,,
1/22/17,,,,,,
1/20/17,20.75,,,,,
1/19/17,20.675,,,,,
1/18/17,20,,,,,
1/17/17,20.05,,,,,
1/16/17,19.075,,,,,
1/15/17,,,,,,
1/13/17,20.175,,,,,
1/12/17,20.8,,,,,
1/11/17,20.8,,,,,
1/10/17,20.1,,,,,
1/9/17,19.2,,,,,
1/6/17,18.575,,,,,
1/5/17,18.775,,,,,
1/4/17,19.38,,,,,
1/3/17,18.45,,,,,
1/2/17,,,,,,
12/30/16,19.75,,,,,
12/29/16,18.925,,,,,
12/28/16,18.9,,,,,
12/27/16,,,,,,
12/23/16,18.4,,,,,
12/22/16,17.95,,,,,
12/21/16,17.95,,,,,
12/20/16,17.73,,,,,
12/19/16,17.7,,,,,
12/16/16,17.8,,,,,
12/15/16,17,,,,,
12/14/16,17,,,,,
12/13/16,17.3,,,,,
12/12/16,17.2,,,,,
12/9/16,16.7,,,,,
12/8/16,16.6,,,,,
12/7/16,16.425,,,,,
12/6/16,16.425,,,,,
12/5/16,16.925,,,,,
12/2/16,17.6,,,,,
12/1/16,18.08,,,,,
11/30/16,18.2,,,,,
11/29/16,18.4,,,,,
11/28/16,18.4,,,,,
11/27/16,,,,,,
11/25/16,17.78,,,,,
11/24/16,17.88,,,,,
11/23/16,17.725,,,,,
11/22/16,17.65,,,,,
11/21/16,17.3,,,,,
11/20/16,,,,,,
11/18/16,18,,,,,
11/17/16,17.95,,,,,
11/16/16,17.45,,,,,
11/15/16,17.925,,,,,
11/14/16,17.575,,,,,
11/13/16,,,,,,
11/11/16,18.18,,,,,
11/10/16,18.1,,,,,
11/9/16,18.025,,,,,
11/8/16,17.85,,,,,
11/7/16,17.875,,,,,
11/6/16,,,,,,
11/4/16,18.25,,,,,
11/3/16,18.875,,,,,
11/2/16,19.15,,,,,
11/1/16,18.4,,,,,
10/31/16,17.8,,,,,
10/28/16,16.875,,,,,
10/27/16,17.35,,,,,
10/26/16,17.275,,,,,
10/25/16,17.7,,,,,
10/24/16,17.35,,,,,
10/21/16,17,,,,,
10/20/16,17.05,,,,,
10/19/16,16.95,,,,,
10/18/16,16.75,,,,,
10/17/16,16.025,,,,,
10/14/16,15.5,,,,,
10/13/16,15.65,,,,,
10/12/16,15.35,,,,,
10/11/16,15.55,,,,,
10/10/16,15.6,,,,,
10/7/16,15.45,,,,,
10/6/16,15.375,,,,,
10/5/16,14.95,,,,,
10/4/16,13.825,,,,,
10/3/16,12.5,,,,,
9/30/16,13.25,,,,,
9/29/16,13.575,,,,,
9/28/16,13.5,,,,,
9/27/16,12.85,,,,,
9/26/16,13.45,,,,,
9/25/16,,,,,,
9/23/16,13.5,,,,,
9/22/16,13.175,,,,,
9/21/16,13.075,,,,,
9/20/16,12.425,,,,,
9/19/16,13.4,,,,,
9/16/16,11.875,,,,,
9/15/16,11.65,,,,,
9/14/16,10.925,,,,,
9/13/16,11.05,,,,,
9/12/16,10.7,,,,,
9/9/16,11.15,,,,,
9/8/16,11.25,,,,,
9/7/16,11.15,,,,,
9/6/16,11.9,,,,,
9/5/16,11.9,,,,,
9/4/16,,,,,,
9/2/16,12.1,,,,,
9/1/16,12,,,,,
8/31/16,11.75,,,,,
8/30/16,11.8,,,,,
8/29/16,,,,,,
8/26/16,11.5,,,,,
8/25/16,11.05,,,,,
8/24/16,11.05,,,,,
8/23/16,11.35,,,,,
8/22/16,11.2,,,,,
8/19/16,10.6,,,,,
8/18/16,11.425,,,,,
8/17/16,11.6,,,,,
8/16/16,11.5,,,,,
8/15/16,11.15,,,,,
8/12/16,11.7,,,,,
8/11/16,12.05,,,,,
8/10/16,12.4,,,,,
8/9/16,12.65,,,,,
8/8/16,12.525,,,,,
8/5/16,12.45,,,,,
8/4/16,13.275,,,,,
8/3/16,13.15,,,,,
8/2/16,13.5,,,,,
8/1/16,13.5,,,,,
7/31/16,,,,,,
7/29/16,13.55,,,,,
7/28/16,13.775,,,,,
7/27/16,14.25,,,,,
7/26/16,14.5,,,,,
7/25/16,14.625,,,,,
7/22/16,14.475,,,,,
7/21/16,14.8,,,,,
7/20/16,14.525,,,,,
7/19/16,14.25,,,,,
7/18/16,14.275,,,,,
7/15/16,14.2,,,,,
7/14/16,14.25,,,,,
7/13/16,14.2,,,,,
7/12/16,14.3,,,,,
7/11/16,13.88,,,,,
7/8/16,14,,,,,
7/7/16,14.3,,,,,
7/6/16,14.1,,,,,
7/5/16,14.15,,,,,
7/4/16,14.4,,,,,
7/1/16,14.35,,,,,
6/30/16,14,,,,,
6/29/16,14.35,,,,,
6/28/16,14.13,,,,,
6/27/16,14.3,,,,,
6/24/16,14.45,,,,,
6/23/16,15.1,,,,,
6/22/16,15.125,,,,,
6/21/16,14.8,,,,,
6/20/16,15,,,,,
6/17/16,14.35,,,,,
6/16/16,14.275,,,,,
6/15/16,14.1,,,,,
6/14/16,14.13,,,,,
6/13/16,13.78,,,,,
6/10/16,13.85,,,,,
6/9/16,14.25,,,,,
6/8/16,14.53,,,,,
6/7/16,14.925,,,,,
6/6/16,14.625,,,,,
6/3/16,14.3,,,,,
6/2/16,14.7,,,,,
6/1/16,14.35,,,,,
5/31/16,14.175,,,,,
5/30/16,,,,,,
5/27/16,14.1,,,,,
5/26/16,13.6,,,,,
5/25/16,13.175,,,,,
5/24/16,13.025,,,,,
5/23/16,12.83,,,,,
5/20/16,12.85,,,,,
5/19/16,12.85,,,,,
5/18/16,13.15,,,,,
5/17/16,13.075,,,,,
5/16/16,13.1,,,,,
5/13/16,13.025,,,,,
5/12/16,12.73,,,,,
5/11/16,13,,,,,
5/10/16,12.9,,,,,
5/9/16,12.95,,,,,
5/6/16,12.7,,,,,
5/5/16,12.6,,,,,
5/4/16,12.35,,,,,
5/3/16,12.175,,,,,
5/2/16,12.65,,,,,
4/29/16,13,,,,,
4/28/16,13.08,,,,,
4/27/16,14.45,,,,,
4/26/16,14.4,,,,,
4/25/16,13.25,,,,,
4/24/16,,,,,,
4/22/16,13.2,,,,,
4/21/16,12.7,,,,,
4/20/16,11.95,,,,,
4/19/16,11.925,,,,,
4/18/16,11.75,,,,,
4/15/16,11.275,,,,,
4/14/16,11.28,,,,,
4/13/16,11.35,,,,,
4/12/16,11.5,,,,,
4/11/16,10.95,,,,,
4/8/16,11.2,,,,,
4/7/16,11.425,,,,,
4/6/16,11.325,,,,,
4/5/16,11.35,,,,,
4/4/16,11.225,,,,,
4/1/16,11.53,,,,,
3/31/16,12.4,,,,,
3/30/16,12.075,,,,,
3/29/16,11.95,,,,,
3/28/16,,,,,,
3/24/16,11.95,,,,,
3/23/16,12.05,,,,,
3/22/16,12.15,,,,,
3/21/16,12,,,,,
3/18/16,12.225,,,,,
3/17/16,12.45,,,,,
3/16/16,12.4,,,,,
3/15/16,12.25,,,,,
3/14/16,12.33,,,,,
3/11/16,12.4,,,,,
3/10/16,12.2,,,,,
3/9/16,12.3,,,,,
3/8/16,12.35,,,,,
3/7/16,12.475,,,,,
3/6/16,,,,,,
3/4/16,12.225,,,,,
3/3/16,12.5,,,,,
3/2/16,12.625,,,,,
3/1/16,12.5,,,,,
2/29/16,12.725,,,,,
2/26/16,12.25,,,,,
2/25/16,12.1,,,,,
2/24/16,12.5,,,,,
2/23/16,12.7,,,,,
2/22/16,12.65,,,,,
2/19/16,12.225,,,,,
2/18/16,12.25,,,,,
2/17/16,12.35,,,,,
2/16/16,12.58,,,,,
2/15/16,12.5,,,,,
2/12/16,12.1,,,,,
2/11/16,12,,,,,
2/10/16,12.175,,,,,
2/9/16,12.225,,,,,
2/8/16,12.25,,,,,
2/5/16,12.25,,,,,
2/4/16,12.45,,,,,
2/3/16,13.15,,,,,
2/2/16,13.05,,,,,
2/1/16,12.825,,,,,
1/29/16,13,,,,,
1/28/16,13.75,,,,,
1/27/16,13.55,,,,,
1/26/16,13.1,,,,,
1/25/16,12.75,,,,,
1/24/16,,,,,,
1/22/16,13.625,,,,,
1/21/16,12.975,,,,,
1/20/16,13.05,,,,,
1/19/16,13.65,,,,,
1/18/16,13.55,,,,,
1/15/16,13.4,,,,,
1/14/16,13.825,,,,,
1/13/16,14.25,,,,,
1/12/16,14.05,,,,,
1/11/16,14.48,,,,,
1/8/16,14.575,,,,,
1/7/16,15.425,,,,,
1/6/16,15.18,,,,,
1/5/16,14.7,,,,,
1/4/16,14.65,,,,,
12/31/15,14.45,,,,,
12/30/15,14.3,,,,,
12/29/15,15.4,,,,,
12/28/15,,,,,,
12/24/15,14.2,,,,,
12/23/15,13.925,,,,,
12/22/15,13.8,,,,,
12/21/15,14.35,,,,,
12/20/15,,,,,,
12/18/15,14.85,,,,,
12/17/15,15.5,,,,,
12/16/15,15.25,,,,,
12/15/15,15.9,,,,,
12/14/15,16.075,,,,,
12/11/15,16.3,,,,,
12/10/15,16.575,,,,,
12/9/15,16.65,,,,,
12/8/15,16.8,,,,,
12/7/15,16.75,,,,,
12/4/15,17.15,,,,,
12/3/15,17.15,,,,,
12/2/15,17.85,,,,,
12/1/15,17.95,,,,,
11/30/15,18.2,,,,,
11/27/15,17.7,,,,,
11/26/15,17.7,,,,,
11/25/15,17.875,,,,,
11/24/15,17.7,,,,,
11/23/15,17.625,,,,,
11/20/15,17.5,,,,,
11/19/15,17.45,,,,,
11/18/15,17.3,,,,,
11/17/15,17.075,,,,,
11/16/15,16.8,,,,,
11/13/15,15.975,,,,,
11/12/15,16.2,,,,,
11/11/15,16.35,,,,,
11/10/15,16.6,,,,,
11/9/15,16.45,,,,,
11/6/15,16.7,,,,,
11/5/15,17.075,,,,,
11/4/15,17.4,,,,,
11/3/15,17.4,,,,,
11/2/15,17.7,,,,,
10/30/15,17.825,,,,,
10/29/15,18.2,,,,,
10/28/15,18,,,,,
10/27/15,18,,,,,
10/26/15,17.9,,,,,
10/23/15,18.25,,,,,
10/22/15,18.275,,,,,
10/21/15,18.25,,,,,
10/20/15,18.35,,,,,
10/19/15,18.75,,,,,
10/18/15,,,,,,
10/16/15,18.325,,,,,
10/15/15,18.5,,,,,
10/14/15,18.25,,,,,
10/13/15,18.4,,,,,
10/12/15,18.375,,,,,
10/9/15,18.75,,,,,
10/8/15,18.575,,,,,
10/7/15,18.425,,,,,
10/6/15,18.15,,,,,
10/5/15,17.75,,,,,
10/2/15,17.7,,,,,
10/1/15,18,,,,,
9/30/15,18.4,,,,,
9/29/15,18.65,,,,,
9/28/15,18.6,,,,,
9/25/15,18.75,,,,,
9/24/15,18.6,,,,,
9/23/15,19.2,,,,,
9/22/15,19.15,,,,,
9/21/15,19.05,,,,,
9/18/15,18.975,,,,,
9/17/15,19.1,,,,,
9/16/15,19.25,,,,,
9/15/15,19.1,,,,,
9/14/15,19.1,,,,,
9/11/15,19.4,,,,,
9/10/15,19.3,,,,,
9/9/15,19.4,,,,,
9/8/15,19.425,,,,,
9/7/15,19.28,,,,,
9/4/15,19.35,,,,,
9/3/15,20.1,,,,,
9/2/15,19.85,,,,,
9/1/15,19.8,,,,,
8/31/15,19.425,,,,,
8/28/15,19.475,,,,,
8/27/15,19.225,,,,,
8/26/15,18.9,,,,,
8/25/15,18.85,,,,,
8/24/15,18.65,,,,,
8/21/15,19.08,,,,,
8/20/15,19.15,,,,,
8/19/15,19.2,,,,,
8/18/15,19.65,,,,,
8/17/15,19.5,,,,,
8/14/15,19.55,,,,,
8/13/15,19.65,,,,,
8/12/15,19.55,,,,,
8/11/15,20.025,,,,,
8/10/15,20.025,,,,,
8/7/15,19.95,,,,,
8/6/15,20.4,,,,,
8/5/15,20.3,,,,,
8/4/15,19.95,,,,,
8/3/15,20.4,,,,,
7/31/15,20.4,,,,,
7/30/15,20.9,,,,,
7/29/15,20.65,,,,,
7/28/15,20.725,,,,,
7/27/15,20.55,,,,,
7/24/15,20.45,,,,,
7/23/15,20.5,,,,,
7/22/15,20.83,,,,,
7/21/15,21,,,,,
7/20/15,21.1,,,,,
7/17/15,21.05,,,,,
7/16/15,21.1,,,,,
7/15/15,21.4,,,,,
7/14/15,21.1,,,,,
7/13/15,21.025,,,,,
7/10/15,20.8,,,,,
7/9/15,21,,,,,
7/8/15,20.55,,,,,
7/7/15,20.85,,,,,
7/6/15,21.15,,,,,
7/3/15,20.925,,,,,
7/2/15,21.05,,,,,
7/1/15,20.725,,,,,
6/30/15,20.78,,,,,
6/29/15,20.4,,,,,
6/26/15,20.475,,,,,
6/25/15,20.575,,,,,
6/24/15,20.85,,,,,
6/23/15,21,,,,,
6/22/15,20.8,,,,,
6/19/15,20.625,,,,,
6/18/15,20.4,,,,,
6/17/15,20.33,,,,,
6/16/15,20.45,,,,,
6/15/15,20.3,,,,,
6/12/15,20.375,,,,,
6/11/15,20.25,,,,,
6/10/15,20.65,,,,,
6/9/15,20.625,,,,,
6/8/15,20.375,,,,,
6/5/15,20.1,,,,,
6/4/15,20.25,,,,,
6/3/15,20.28,,,,,
6/2/15,20.325,,,,,
6/1/15,20.475,,,,,
5/29/15,20.6,,,,,
5/28/15,20.65,,,,,
5/27/15,20.7,,,,,
5/26/15,20.55,,,,,
5/22/15,20.45,,,,,
5/21/15,20.5,,,,,
5/20/15,20.55,,,,,
5/19/15,20.575,,,,,
5/18/15,20.7,,,,,
5/15/15,20.4,,,,,
5/14/15,20.725,,,,,
5/13/15,20.7,,,,,
5/12/15,21,,,,,
5/11/15,21.1,,,,,
5/8/15,20.3,,,,,
5/7/15,20.15,,,,,
5/6/15,20.25,,,,,
5/5/15,20.2,,,,,
5/4/15,,,,,,
5/1/15,,,,,,
4/30/15,20.875,,,,,
4/29/15,21.4,,,,,
4/28/15,21.6,,,,,
4/27/15,21.7,,,,,
4/24/15,21.85,,,,,
4/23/15,21.6,,,,,
4/22/15,21.65,,,,,
4/21/15,21.75,,,,,
4/20/15,21.7,,,,,
4/17/15,21.4,,,,,
4/16/15,22.25,,,,,
4/15/15,22.225,,,,,
4/14/15,22.1,,,,,
4/13/15,22.3,,,,,
4/10/15,23.1,,,,,
4/9/15,22.45,,,,,
4/8/15,22.3,,,,,
4/7/15,22.7,,,,,
4/6/15,,,,,,
4/2/15,22.9,,,,,
4/1/15,22.95,,,,,
3/31/15,22.4,,,,,
3/30/15,22,,,,,
3/27/15,22.1,,,,,
3/26/15,22.2,,,,,
3/25/15,21.35,,,,,
3/24/15,21.65,,,,,
3/23/15,21.275,,,,,
3/20/15,21.1,,,,,
3/19/15,21,,,,,
3/18/15,21.5,,,,,
3/17/15,21.325,,,,,
3/16/15,21.35,,,,,
3/13/15,21.5,,,,,
3/12/15,22.2,,,,,
3/11/15,22.225,,,,,
3/10/15,22.08,,,,,
3/9/15,21.9,,,,,
3/6/15,22.5,,,,,
3/5/15,21.925,,,,,
3/4/15,22.45,,,,,
3/3/15,22.05,,,,,
3/2/15,23.025,,,,,
2/27/15,23.9,,,,,
2/26/15,23.75,,,,,
2/25/15,23.25,,,,,
2/24/15,22.73,,,,,
2/23/15,21.85,,,,,
2/20/15,22.45,,,,,
2/19/15,22.075,,,,,
2/18/15,22.85,,,,,
2/17/15,22.85,,,,,
2/16/15,23.2,,,,,
2/13/15,23.85,,,,,
2/12/15,24.5,,,,,
2/11/15,23.25,,,,,
2/10/15,22.5,,,,,
2/9/15,21.65,,,,,
2/6/15,21.1,,,,,
2/5/15,21.45,,,,,
2/4/15,21,,,,,
2/3/15,21,,,,,
2/2/15,21.28,,,,,
1/30/15,20.125,,,,,
1/29/15,20.7,,,,,
1/28/15,20.45,,,,,
1/27/15,20.1,,,,,
1/26/15,19.5,,,,,
1/23/15,19.5,,,,,
1/22/15,19.4,,,,,
1/21/15,19.3,,,,,
1/20/15,19.125,,,,,
1/19/15,19.05,,,,,
1/16/15,19.8,,,,,
1/15/15,20.05,,,,,
1/14/15,20.1,,,,,
1/13/15,20.15,,,,,
1/12/15,19.7,,,,,
1/9/15,19.15,,,,,
1/8/15,19.3,,,,,
1/7/15,19.25,,,,,
1/6/15,19.2,,,,,
1/5/15,19.8,,,,,
1/2/15,20.3,,,,,